,front,back,
1,improve,を向上させる；よくなる,[ɪmprúːv]
2,relate,を（…と）関連づける (to)；（…に）関連する (to),[rɪléɪt]
3,provide,を供給する(≒ supplý),[prəváɪd]
4,consider,を見なす；について考える,[kənsÍdər]
5,include,を含む（⇔ exclúde を除外する）,[ɪnklúːd]
6,concern,（受身形で）（…を）心配する (about)；（受身形で）（…に）関係する (with)；に関連する,[kənsə́ːrn]
7,involve,を関与させる；を伴う,[ɪnvɑ́(ː)lv]
8,produce,を生産する；を取り出す,[prədjúːs]
9,allow,を許す；を与える；（…を）考慮に入れる (for),[əláU]
10,require,を要求する；を必要とする,[rɪkwáɪər]
11,appear,…のように見える；現れる,[əpÍər]
12,tend,傾向がある；を世話する,[tend]
13,agree,意見が一致する；同意する,[əɡríː]
14,describe,について述べる,[dɪskráɪb]
15,add,を（…に）加える (to),[æd]
16,depend,頼る；…次第である,[dɪpénd]
17,encourage,を励ます（⇔ discóurage にやる気をなくさせる）,[ɪnkə́ːrɪdʒ]
18,exist,存在する；生存する,[ɪɡzÍst]
19,reduce,を減らす；を（…に）変える (to),[rɪdjúːs]
20,adapt,適応する；を（…に）適合させる (to),[ədǽpt]
21,compare,を比較する；を（…に）例える (to),[kəmpéər]
22,increase,増加する（⇔ dècréase 減少する）；を増やす,[ɪnkríːs]
23,suggest,を提案する；を暗示する,[səɡdʒést]
24,cost,（費用）がかかる；を犠牲にさせる,[kɔːst]
25,share,を共有する；を分担する,[ʃeər]
26,wonder,かなと思う；（…に）驚嘆する (at),[wʌ́ndər]
27,argue,と主張する(≒ claim,[ɑ́ːrɡjuː]
28,realize,に気づく；を実現する,[ríːəlàɪz]
29,control,を管理する；を制御する,[kəntróUl]
30,affect,に影響を及ぼす(≒ ínfluence)；を感動させる,[əfékt]
31,find,とわかる；を見つける,[faɪnd]
32,notice,に気づく,[nóUtəs]
33,avoid,を避ける,[əvɔ́ɪd]
34,force,に強いる；を強要する,[fɔːrs]
35,offer,を提供する，申し出る,[ɔ́(ː)fər]
36,demand,を要求する,[dɪmǽnd]
37,claim,と主張する；を自分のものだと主張する,[kleɪm]
38,deal,（deal with で）を処理する,[diːl]
39,store,を保存する；を蓄える,[stɔːr]
40,complete,を完成させる,[kəmplíːt]
41,value,価値；価格；評価；(～s) 価値観,[vǽljuː]
42,benefit,利益，恩恵；給付金,[bénɪfɪt]
43,opportunity,機会(≒ chance),[ɑ̀(ː)pərtjúːnəti]
44,quality,質（⇔ quántity 量）；特質,[kwɑ́(ː)ləti]
45,author,著者；張本人,[ɔ́ːθər]
46,technology,科学技術；応用技術,[teknɑ́(ː)lədʒi]
47,environment,環境(≒ surróundings),[ɪnváɪərənmənt]
48,view,（…についての）見解 (on / about)；眺め,[vjuː]
49,situation,状況；（人の置かれた）立場,[sÌtʃuéɪʃən]
50,effect,（…に対する）影響，効果 (on / upon)；結果,[ɪfékt]
51,influence,（…に対する）影響（力）(on),[Ínfluəns]
52,term,（専門）用語；(～s) 条件；(～s) 間柄；学期,[təːrm]
53,skill,技能；熟練,[skɪl]
54,theory,理論，学説；原理；推測,[θíːəri]
55,issue,問題（点）；発行（物）；発表,[Íʃuː]
56,subject,話題；学科；主題；被験者,[sʌ́bdʒekt]
57,article,記事；条項；品物,[ɑ́ːrtɪkl]
58,statement,主張；声明；明細書,[stéɪtmənt]
59,experiment,（…を使っての）実験 (with),[ɪkspérɪmənt]
60,figure,数字；姿；人物；図（表）,[fÍɡjər]
61,evidence,証拠,[évɪdəns]
62,industry,産業；勤勉 (≒ díligence),[Índəstri]
63,economy,経済；節約,[ɪkɑ́(ː)nəmi]
64,medicine,医薬(≒ mèdicátion)；医学,[médəsən]
65,matter,問題；(～s) 事態；(the ～) 困難；物質,[mǽtər]
66,material,材料；資料；生地,[mətÍəriəl]
67,species,（生物の）種しゅ；種類,[spíːʃiːz]
68,practice,（社会の）慣習；実践；練習,[prǽktɪs]
69,focus,焦点；関心の的,[fóUkəs]
70,memory,記憶（力）；（…の）思い出 (of),[méməri]
71,right,権利；右；正しいこと,[raɪt]
72,accord,一致；合意，協定,[əkɔ́ːrd]
73,thought,考え；思考,[θɔːt]
74,interest,（…に対する）興味 (in)；利子；利害,[Íntərəst]
75,account,説明；勘定；口座,[əkáUnt]
76,cause,原因（⇔ efféct 結果）；理由；大義,[kɔːz]
77,sound,音；響き，印象,[saUnd]
78,individual,個人,[ÌndɪvÍdʒuəl]
79,certain,確信して；確かな；ある；一定の,[sə́ːrtən]
80,possible,可能な；可能性のある,[pɑ́(ː)səbl]
81,likely,ありそうな（⇔ unlíkely ありそうもない）,[láɪkli]
82,available,手に入る；利用できる；手が空いている,[əvéɪləbl]
83,social,社会的な；社交の,[sóUʃəl]
84,public,公の（⇔ prívate 私的な）；公開の,[pʌ́blɪk]
85,physical,身体の；物質的な；物理学の,[fÍzɪkəl]
86,scientific,科学的な；（自然）科学の,[sàɪəntÍfɪk]
87,common,普通の；共通の；一般の,[kɑ́(ː)mən]
88,general,全般的な；一般的な,[dʒénərəl]
89,particular,特定の；特別の；（…について）やかましい (about),[pərtÍkjUlər]
90,similar,似ている；同様の,[sÍmələr]
91,various,さまざまな；いくつかの,[véəriəs]
92,native,出生地の；原産の；生得の,[néɪtɪv]
93,patient,忍耐強い；勤勉な,[péɪʃənt]
94,recent,最近の,[ríːsənt]
95,even,…さえ；（比較級の前で）いっそう,[íːvən]
96,yet,（文頭で）それでも；（否定文で）まだ；（疑問文で）もう,[jet]
97,rather,かなり；むしろ；それどころか,[rǽðər]
98,instead,その代わりに；そうではなくて,[ɪnstéd]
99,simultaneously,（…と）同時に (with)；一斉に,[sàɪməltéɪniəsli]
100,each,それぞれ；どれもこれも,[iːtʃ]
101,challenge,に異議を唱える；（人）に挑む,[tʃǽlɪndʒ]
102,determine,を決定する；を正確に知る,[dɪtə́ːrmɪn]
103,manage,をどうにか成し遂げる；を管理する,[mǽnɪdʒ]
104,maintain,を維持する；と主張する,[meɪntéɪn]
105,refer,言及する；関連する；参照する,[rɪfə́ːr]
106,approach,に近づく；に取り組む,[əpróUtʃ]
107,advance,進歩する；進む；を進める,[ədvǽns]
108,express,を表現する,[ɪksprés]
109,spread,を広める；広がる,[spred]
110,occur,起こる；心に浮かぶ；現れる,[əkə́ːr]
111,observe,に気づく；を観察する；を遵守する,[əbzə́ːrv]
112,recognize,を識別できる；を認める,[rékəɡnàɪz]
113,suppose,と思う；と仮定する,[səpóUz]
114,regard,を見なす；を見る；を評価する,[rɪɡɑ́ːrd]
115,treat,を扱う；を治療する,[triːt]
116,search,捜す；を捜索する；を詳しく調べる,[səːrtʃ]
117,prove,を証明する；わかる，判明する,[pruːv]
118,establish,を設立する；を確立する,[ɪstǽblɪʃ]
119,mention,に言及する；と言う,[ménʃən]
120,represent,を表す；を代表する,[rèprɪzént]
121,prefer,の方を好む,[prɪfə́ːr]
122,apply,申し込む；（…に）適用される (to / in)；を（…に）適用［応用］する (to),[əpláɪ]
123,seek,を追い求める；（助けなど）を要請する,[siːk]
124,publish,を出版する；を公表する,[pʌ́blɪʃ]
125,perform,を行う；を演じる，演奏する,[pərfɔ́ːrm]
126,gain,を獲得する；（を）増す,[ɡeɪn]
127,fit,（に）適合する；を（…に）はめ込む (in / into)；を（…に）合わせる (to),[fɪt]
128,contain,を含む；の収容能力がある；を抑える,[kəntéɪn]
129,supply,を供給する,[səpláɪ]
130,prepare,を準備する；を調理する；（…のために）準備をする (for),[prɪpéər]
131,bear,に耐える (≒ stand,[beər]
132,prevent,を妨げる；を防ぐ,[prɪvént]
133,object,（…に）反対する (to),[əbdʒékt]
134,decline,衰退する；減少する；を断る,[dɪkláɪn]
135,replace,に取って代わる；を取り替える,[rɪpléɪs]
136,connect,をつなぐ；を（…と）関連づける (with),[kənékt]
137,attend,に出席する；（の）世話をする；（…に）精を出す (to),[əténd]
138,survive,生き延びる；を切り抜けて（生き）残る；より長生きする,[sərváɪv]
139,respect,を尊敬する；を尊重する,[rɪspékt]
140,waste,を浪費する,[weɪst]
141,advantage,利点（⇔ dìsadvántage 不利な点）；優勢；有利，得,[ədvǽntɪdʒ]
142,resource,（通例 ～s）資源；（通例 ～s）資金；才覚,[ríːsɔːrs]
143,medium,（情報伝達の）媒体；手段,[míːdiəm]
144,method,方法；体系；秩序,[méθəd]
145,attitude,（…に対する）考え方 (toward / to)；態度,[ǽtətjùːd]
146,structure,構造；体系；構造物,[strʌ́ktʃər]
147,function,機能；関数,[fʌ́ŋkʃən]
148,feature,特徴；(～s) 顔つき；特集記事［番組］,[fíːtʃər]
149,aspect,（物事の）側面；観点；様相,[ǽspèkt]
150,content,内容；中身；コンテンツ,[kɑ́(ː)ntent]
151,detail,(～s) 詳細（な情報），細部,[díːteɪl]
152,range,範囲；射程距離；並び,[reɪndʒ]
153,region,地域；領域；部位,[ríːdʒən]
154,trade,貿易；商売，取引,[treɪd]
155,habit,習慣，癖,[hǽbɪt]
156,cell,細胞；小個室；電池,[sel]
157,fuel,燃料；勢いを増加させるもの,[fjúːəl]
158,bill,請求書；英 勘定書 (≒ 米 check)；法案,[bɪl]
159,charge,料金；世話；管理；告発,[tʃɑːrdʒ]
160,fine,（…に対する）罰金 (for),[faɪn]
161,temperature,温度；体温；熱,[témpərətʃər]
162,decade,10年間,[dékeɪd]
163,emotion,感情，情動；感動,[ɪmóUʃən]
164,explanation,説明；解釈；理由,[èksplənéɪʃən]
165,solution,解決（策）；溶液,[səlúːʃən]
166,degree,程度；度；学位；等級,[dɪɡríː]
167,access,接近， 利用（の機会）,[ǽkses]
168,contrast,（…との）対照 (with / to),[kɑ́(ː)ntræ̀st]
169,status,地位；状態,[stéɪtəs]
170,surface,表面；外見,[sə́ːrfəs]
171,conflict,争い；論争；不一致,[kɑ́(ː)nflÌkt]
172,audience,（集合的に）聴衆；視聴者,[ɔ́ːdiəns]
173,clay,粘土,[kleɪ]
174,epoch,時代；画期的な出来事,[épək]
175,profit,利益；収益（率）；得,[prɑ́(ː)fət]
176,income,収入,[Ínkʌ̀m]
177,ancestor,先祖（⇔ descéndant 子孫）；先駆者；原型,[ǽnsèstər]
178,crop,（しばしば ～s）作物；収穫高,[krɑ(ː)p]
179,significant,重要な；意義深い,[sɪɡnÍfɪkənt]
180,necessary,必要な(≒ esséntial),[nésəsèri]
181,appropriate,（…に）適切な (for / to),[əpróUpriət]
182,correct,正しい；適切な,[kərékt]
183,worth,の価値がある；（～する）に値する (doing),[wəːrθ]
184,positive,積極的な；肯定的な；明確な；確信して,[pɑ́(ː)zətɪv]
185,plastic,柔軟な；プラスチックの，ビニールの,[plǽstɪk]
186,political,政治（上）の,[pəlÍtɪkəl]
187,official,公式の；公用の；役所の,[əfÍʃəl]
188,private,私的な（⇔ públic 公の）；民営の,[práɪvət]
189,ancient,古代の；昔からの,[éɪnʃənt]
190,due,（支払）期日で；予定された；しかるべき,[djuː]
191,complex,複雑な；複合（体）の,[kɑ̀(ː)mpléks]
192,mobile,可動［移動］式の；流動性のある,[móUbəl]
193,blank,空白の；無表情な；がらんとした,[blæŋk]
194,male,男性の（⇔ fémale 女性の）；男らしい,[meɪl]
195,therefore,それゆえに,[ðéərfɔ̀ːr]
196,thus,したがって；このように；次のように,[ðʌs]
197,eventually,結局（は）,[ɪvéntʃuəli]
198,otherwise,さもなければ；その他の点では；違った風に,[ʌ́ðərwàɪz]
199,despite,…にもかかわらず(≒ in spite of),[dɪspáɪt]
200,both,両方とも；両方の,[boUθ]
201,succeed,（…に）成功する (in)；（…を）継承する (to),[səksíːd]
202,identify,を特定する；を（…と）同一視する (with),[aɪdéntəfàɪ]
203,reflect,を反映する；（を）反射する；（を）熟考する,[rɪflékt]
204,assume,を当然のことと思う；を手に入れる；を引き受ける,[əsjúːm]
205,estimate,と推定する；を見積もる；を評価する,[éstɪmèɪt]
206,define,を定義する；を規定する,[dɪfáɪn]
207,indicate,を指し示す；を述べる,[Índɪkèɪt]
208,reveal,を明らかにする；を見せる,[rɪvíːl]
209,attempt,を試みる，企てる,[ətémpt]
210,respond,反応する；答える,[rɪspɑ́(ː)nd]
211,associate,を結び付けて考える；（…と）交際する (with),[əsóUʃièɪt]
212,examine,を調べる；を診察する；を尋問する,[ɪɡzǽmɪn]
213,address,（問題など）を扱う；に演説する；（手紙など）を（…あてに）出す (to),[ədrés]
214,trust,を信頼する；を託する,[trʌst]
215,doubt,を疑う；（…では）ないと思う（that 節）,[daUt]
216,ignore,を無視する,[ɪɡnɔ́ːr]
217,refuse,を拒む；を断る,[rɪfjúːz]
218,complain,（と）不平［苦情］を言う；訴える,[kəmpléɪn]
219,decrease,減少する（⇔ incréase 増加する）；を減らす,[dì(ː)kríːs]
220,vary,さまざまである,[véəri]
221,emerge,現れる；明らかになる；台頭する,[ɪmə́ːrdʒ]
222,match,と合う；に匹敵する,[mætʃ]
223,stick,を動けなくさせる；（…に）くっつく (to / on),[stɪk]
224,hide,を隠す(≒ concéal)；隠れる,[haɪd]
225,attract,を引きつける,[ətrǽkt]
226,promote,を促進する；（受身形で）昇進する,[prəmóUt]
227,satisfy,を満足させる；を満たす,[sǽtɪsfàɪ]
228,earn,を稼ぐ；を得る；をもたらす,[əːrn]
229,preserve,を保持する；を守る；を保存する,[prɪzə́ːrv]
230,enable,（人）にとって（～するのを）可能にする (to do),[ɪnéɪbl]
231,destroy,を破壊する；（人）を破滅させる,[dɪstrɔ́ɪ]
232,tear,を引き裂く；裂ける,[teər]
233,suffer,苦しむ；患う；（苦痛など）を経験する,[sʌ́fər]
234,survey,を調査する；を概観する,[sərvéɪ]
235,divide,を分ける；分かれる,[dɪváɪd]
236,conduct,を実施する,[kəndʌ́kt]
237,graduate,（…を）卒業する (from),[ɡrǽdʒuèɪt]
238,contribute,寄与［貢献］する；（を）寄付する；（を）寄稿する,[kəntrÍbjət]
239,desire,を強く望む,[dɪzáɪər]
240,relax,くつろぐ；緩む；をくつろがせる；を緩める,[rɪlǽks]
241,target,（到達）目標；的まと,[tɑ́ːrɡət]
242,aim,目的,[eɪm]
243,principle,主義，信条；原則，原理,[prÍnsəpəl]
244,norm,規範；標準,[nɔːrm]
245,strategy,戦略,[strǽtədʒi]
246,track,跡；軌道；米（鉄道の）番線；走路,[træk]
247,progress,進歩；前進,[prɑ́(ː)ɡrəs]
248,personality,個性，性格,[pə̀ːrsənǽləti]
249,characteristic,（しばしば ～s）特徴,[kæ̀rəktərÍstɪk]
250,manner,方法；物腰；(～s) 作法,[mǽnər]
251,device,装置，機器；方策,[dɪváɪs]
252,origin,起源；源,[ɔ́(ː)rɪdʒɪn]
253,gene,遺伝子,[dʒiːn]
254,atmosphere,大気；雰囲気,[ǽtməsfÌər]
255,trend,傾向；流行,[trend]
256,phenomenon,現象,[fənɑ́(ː)mənɑ̀(ː)n]
257,context,状況，背景；文脈,[kɑ́(ː)ntekst]
258,circumstance,（通例 ～s）状況，事情；境遇,[sə́ːrkəmstæ̀ns]
259,pain,苦痛；苦悩；(～s) 骨折り,[peɪn]
260,struggle,闘い；懸命の努力,[strʌ́ɡl]
261,pollution,汚染,[pəlúːʃən]
262,threat,脅威；兆し，恐れ；脅迫,[θret]
263,disaster,災害；惨事,[dɪzǽstər]
264,consequence,（通例 ～s）結果；重大性,[kɑ́(ː)nsəkwens]
265,revolution,革命；回転；（天体の）公転（⇔ rotátion 自転）,[rèvəlúːʃən]
266,majority,大部分；多数派（⇔ minórity 少数派）,[mədʒɔ́(ː)rəti]
267,mass,かたまり；大量；一般大衆,[mæs]
268,stock,在庫品；蓄え；株,[stɑ(ː)k]
269,wealth,富；資源；富裕（状態）,[welθ]
270,literature,文学；文献；印刷物,[lÍtərətʃər]
271,authority,(the ～ties)（関係）当局；権威；権限,[əːθɔ́ːrəti]
272,institution,機関；協会；施設；制度,[Ìnstɪtjúːʃən]
273,custom,（社会的な）慣習；(～s) 税関；(～s) 関税,[kʌ́stəm]
274,sight,光景；(the ～s) 名所；目にすること；視野；視力,[saɪt]
275,display,（感情などの）表れ；展示；誇示,[dɪspléɪ]
276,colleague,（職場の）同僚(≒ cówòrker),[kɑ́(ː)liːɡ]
277,resident,居住者,[rézɪdənt]
278,vehicle,乗り物，車；伝達手段，媒体,[víːəkl]
279,essential,（…に）必要不可欠な (to)；本質的な,[ɪsénʃəl]
280,aware,気づいて,[əwéər]
281,mental,精神の；知能の,[méntəl]
282,academic,学問の；大学の,[æ̀kədémɪk]
283,ordinary,並の；普通の；常勤の,[ɔ́ːrdənèri]
284,familiar,精通している；よく知られている,[fəmÍljər]
285,novel,目新しい，斬新な,[nɑ́(ː)vəl]
286,specific,特定の；明確な，具体的な；（…に）特有の (to),[spəsÍfɪk]
287,chemical,化学の，化学的な,[kémɪkəl]
288,financial,財政（上）の；財界の,[fənǽnʃəl]
289,active,活動的な；効力のある；積極的な,[ǽktɪv]
290,negative,否定の（⇔ affírmative 肯定の）；消極的な（⇔ pósitive 積極的な）；負の,[néɡətɪv]
291,direct,直接の（⇔ ìndiréct 間接の）；率直な,[dərékt]
292,obvious,明らかな(≒ clear),[ɑ́(ː)bviəs]
293,current,現在の；現代の；通用している,[kə́ːrənt]
294,urban,都市の；都会的な（⇔ rúral 田舎の）,[ə́ːrbən]
295,furthermore,さらに,[fə́ːrðərmɔ̀ːr]
296,likewise,同様に(≒ in the same way),[láɪkwàɪz]
297,though,（文中，文末で）けれど,[ðoU]
298,nevertheless,それにもかかわらず(≒ nònetheléss),[nèvərðəlés]
299,thereby,それによって,[ðèərbáɪ]
300,hence,それゆえに(≒ thérefòre),[hens]
301,appreciate,を正当に評価する；を鑑賞する；を感謝する,[əpríːʃièɪt]
302,admit,（を）認める；に（…への）入場［入学など］を認める (to / into),[ədmÍt]
303,predict,を予言［予測］する,[prɪdÍkt]
304,acquire,を得る；を習得する,[əkwáɪər]
305,adopt,を採用する；（態度など）をとる；を養子にする,[ədɑ́(ː)pt]
306,purchase,を購入する,[pə́ːrtʃəs]
307,afford,を持つ［する］余裕がある；を与える,[əfɔ́ːrd]
308,consume,を消費する；を食べる，飲む,[kənsjúːm]
309,remove,を取り除く；を解雇する,[rɪmúːv]
310,suit,に適する；に似合う；を適合させる,[suːt]
311,expand,（を）拡大する；（を）詳説する,[ɪkspǽnd]
312,extend,を伸ばす，延ばす；伸びる；及ぶ,[ɪksténd]
313,explore,（を）調査する；（を）探検する,[ɪksplɔ́ːr]
314,judge,（を）判断する；に判決を下す,[dʒʌdʒ]
315,demonstrate,を論証［証明］する；デモをする,[démənstrèɪt]
316,insist,（を）強く主張する,[ɪnsÍst]
317,appeal,訴える；抗議する；上訴する,[əpíːl]
318,convince,を納得［確信］させる,[kənvÍns]
319,settle,を解決する；（に）移り住む,[sétl]
320,aid,を援助する，助ける,[eɪd]
321,educate,を教育する；に教える；（能力など）を養う,[édʒəkèɪt]
322,engage,を従事させる；を（…として）雇う (as)；（…に）従事する (in / with),[ɪnɡéɪdʒ]
323,combine,を結び付ける；（…と）結び付く (with),[kəmbáɪn]
324,organize,を組織する；を準備する,[ɔ́ːrɡənàɪz]
325,operate,を操作する；機能する；手術する,[ɑ́(ː)pərèɪt]
326,recall,を思い出す；を呼び戻す,[rɪkɔ́ːl]
327,rely,頼る(≒ depénd),[rɪláɪ]
328,amaze,をびっくりさせる,[əméɪz]
329,confuse,を混同する；を当惑させる,[kənfjúːz]
330,blame,を責める；の責任を負わせる,[bleɪm]
331,criticize,を批判する；を批評する,[krÍtəsàɪz]
332,behave,振る舞う；作用する,[bɪhéɪv]
333,encounter,に遭遇する；に（思いがけず）出会う,[ɪnkáUntər]
334,select,を選ぶ，精選する,[səlékt]
335,flow,流れる；（…から）生じる (from),[floU]
336,evolve,（徐々に）発展する；進化する,[ɪvɑ́(ː)lv]
337,freeze,凍る；態度を硬くする；を凍らせる,[friːz]
338,release,を放出する；を解放する；を発表する,[rɪlíːs]
339,locate,の位置を探し当てる；（受身形で）位置する,[lóUkeɪt]
340,advertise,を宣伝する；（…を求める）広告を出す (for),[ǽdvərtàɪz]
341,imagination,想像（力）,[ɪmæ̀dʒɪnéɪʃən]
342,perspective,観点；大局観；遠近法,[pərspéktɪv]
343,confidence,自信；信頼；秘密,[kɑ́(ː)nfɪdəns]
344,achievement,業績；達成，成就,[ətʃíːvmənt]
345,reward,報酬；報い,[rɪwɔ́ːrd]
346,corporation,（大）企業；法人,[kɔ̀ːrpəréɪʃən]
347,capital,資本；首都；大文字 (＝ capital letter),[kǽpətəl]
348,client,顧客(≒ cústomer)；（弁護士などの）依頼人,[kláɪənt]
349,crisis,危機,[kráɪsɪs]
350,harm,害,[hɑːrm]
351,victim,犠牲（者），被害者,[vÍktɪm]
352,option,選択（の自由）；選択肢,[ɑ́(ː)pʃən]
353,campaign,運動；軍事行動,[kæmpéɪn]
354,court,裁判所，法廷；裁判；宮廷；中庭,[kɔːrt]
355,code,規範；暗号，符号；法典,[koUd]
356,criminal,犯罪者，犯人,[krÍmɪnəl]
357,agriculture,農業；農学，畜産,[ǽɡrɪkʌ̀ltʃər]
358,religion,宗教；信条；信仰（心）,[rɪlÍdʒən]
359,philosophy,哲学；原理；人生観,[fəlɑ́(ː)səfi]
360,conference,会議；協議,[kɑ́(ː)nfərəns]
361,document,（公）文書；記録，資料,[dɑ́(ː)kjumənt]
362,statistics,統計；統計学,[stətÍstɪks]
363,analysis,分析（結果）,[ənǽləsɪs]
364,hypothesis,仮説；憶測,[haɪpɑ́(ː)θəsɪs]
365,notion,概念，観念；見解；意向,[nóUʃən]
366,stereotype,固定観念；決まり文句,[stériətàɪp]
367,review,（書物などの）論評；再調査；米 復習,[rɪvjúː]
368,vocabulary,語ご彙い,[voUkǽbjUlèri]
369,organ,臓器；組織,[ɔ́ːrɡən]
370,gender,（社会的・文化的）性別,[dʒéndər]
371,fossil,化石；時代遅れの人［物］,[fɑ́(ː)səl]
372,glacier,氷河,[ɡléɪʃər]
373,laboratory,実験室，研究室,[lǽbərətɔ̀ːri]
374,virus,ウイルス；（感染症の）病原体,[váɪərəs]
375,occasion,場合，時；行事；機会,[əkéɪʒən]
376,minister,大臣；（プロテスタント系の）聖職者,[mÍnɪstər]
377,presence,存在；出席；面前,[prézəns]
378,substance,物質；実質；趣旨,[sʌ́bstəns]
379,creative,創造的な，独創的な；創造力のある,[kri(ː)éɪtɪv]
380,potential,潜在的な；可能性を秘めた,[pəténʃəl]
381,independent,（…から）独立した (of / from),[Ìndɪpéndənt]
382,willing,いとわない,[wÍlɪŋ]
383,efficient,効率的な；有能な,[ɪfÍʃənt]
384,ideal,理想的な；観念的な,[aɪdíːəl]
385,genetic,遺伝（子）の；発生の,[dʒənétɪk]
386,entire,全体の，全部の(≒ whole)；完全な,[ɪntáɪər]
387,relative,相対的な（⇔ ábsolùte 絶対的な）；比較上の；（…と）関連した (to),[rélətɪv]
388,extreme,極端な；極度の，過激な,[ɪkstríːm]
389,vast,広大な；莫ばく大だいな,[væst]
390,tiny,とても小さな；わずかな,[táɪni]
391,desert,人の住まない；砂漠の（ような）,[dézərt]
392,rural,田舎の（⇔ úrban 都会の）,[rÚərəl]
393,previous,以前の，前の,[príːviəs]
394,legal,法律の；合法の（⇔ illégal 違法の）,[líːɡəl]
395,nowadays,近ごろは(≒ these days,[náUədèɪz]
396,seldom,めったに…ない(≒ rárely),[séldəm]
397,meanwhile,（２つの事柄を対比して）一方；その間,[míːnhwàɪl]
398,latter,(the ～)（二者のうちの）後者（⇔ the former 前者）,[lǽtər]
399,versus,（A versus B で）Ａ対Ｂ；ＡかＢか,[və́ːrsəs]
400,all,すべて（のもの）；全く,[ɔːl]
401,perceive,を知覚する,[pərsíːv]
402,expect,を予期する；を期待する,[ɪkspékt]
403,intend,を意図する,[ɪnténd]
404,request,を要請する；に（～するように）頼む (to do),[rɪkwést]
405,remind,に思い出させる,[rɪmáɪnd]
406,inspire,（人）を触発する；を喚起する,[ɪnspáɪər]
407,fascinate,を魅了する,[fǽsɪnèɪt]
408,emphasize,を強調する；を重視する,[émfəsàɪz]
409,recommend,を勧める,[rèkəménd]
410,propose,を提案する；をもくろむ；結婚を申し込む,[prəpóUz]
411,distinguish,を区別する,[dɪstÍŋɡwɪʃ]
412,complicate,を複雑にする,[kɑ́(ː)mpləkèɪt]
413,transform,を変える；変わる,[trænsfɔ́ːrm]
414,credit,（功績など）を（…に）帰する (to)；を信じる,[krédət]
415,reserve,（判断など）を保留する；を予約する；を取っておく,[rɪzə́ːrv]
416,oppose,に反対する；を対抗［対比］させる,[əpóUz]
417,deny,を否定する；を拒む,[dɪnáɪ]
418,reject,を拒否する,[rɪdʒékt]
419,ban,を（法的に）禁止する；を締め出す,[bæn]
420,frighten,（人）を怖がらせる,[fráɪtən]
421,participate,参加する,[pɑːrtÍsɪpèɪt]
422,compete,競う；匹敵する,[kəmpíːt]
423,overcome,を克服する,[òUvərkʌ́m]
424,arise,生じる,[əráɪz]
425,generate,を生み出す,[dʒénərèɪt]
426,obtain,を得る,[əbtéɪn]
427,employ,を雇う；を使う,[ɪmplɔ́ɪ]
428,import,を輸入する（⇔ expórt を輸出する）；を取り入れる,[ɪmpɔ́ːrt]
429,handle,を処理する；を論じる；を商う,[hǽndl]
430,repair,を修理する (≒ fix)；を修復する,[rɪpéər]
431,cure,を治す；を除去する；（病気が）治る,[kjUər]
432,transport,を輸送する,[trænspɔ́ːrt]
433,deliver,を配達する；（演説・講義）をする；子を産む,[dɪlÍvər]
434,rush,急いで行く；性急に行動する；をせき立てる,[rʌʃ]
435,commit,（commit oneself または受身形で）深くかかわる；（罪など）を犯す,[kəmÍt]
436,hate,をひどく嫌う；を残念に思う,[heɪt]
437,regret,を後悔する,[rɪɡrét]
438,consist,（…から）成る (of)；（…に）ある (in),[kənsÍst]
439,translate,を翻訳する；を（…に）変える (into),[trǽnsleɪt]
440,conclude,と結論づける；を締めくくる；を締結する,[kənklúːd]
441,comfort,快適さ；慰め,[kʌ́mfərt]
442,facility,施設，設備；機能；才能,[fəsÍləti]
443,trait,特性(≒ féature),[treɪt]
444,humanity,人類；人間性；人情,[hjumǽnəti]
445,tribe,部族,[traɪb]
446,elite,（通例 the ～）（集合的に）エリート,[ɪlíːt]
447,lawyer,弁護士,[lɔ́ːjər]
448,category,部類；区分,[kǽtəɡɔ̀ːri]
449,version,（本・製品などの）版；解釈,[və́ːrʒən]
450,diversity,多様性；相違点,[dəvə́ːrsəti]
451,proportion,割合；部分；釣り合い,[prəpɔ́ːrʃən]
452,instrument,器具；楽器 (＝ musical instrument),[Ínstrəmənt]
453,innovation,革新；新機軸,[Ìnəvéɪʃən]
454,weapon,兵器，武器,[wépən]
455,dialect,方言,[dáɪəlèkt]
456,barrier,（…に対する）障壁 (against / to)；防壁；境界線,[bǽriər]
457,myth,作り話；神話,[mɪθ]
458,ritual,儀式；（日常の）習慣的行為,[rÍtʃuəl]
459,routine,決まり切った仕事；いつもの手順,[rùːtíːn]
460,emergency,緊急（事態）,[ɪmə́ːrdʒənsi]
461,alarm,不安；警報,[əlɑ́ːrm]
462,harvest,収穫（物）；漁獲高,[hɑ́ːrvɪst]
463,grain,穀物；粒；きめ,[ɡreɪn]
464,quantity,量（⇔ quálity 質）,[kwɑ́(ː)ntəti]
465,budget,予算；経費,[bʌ́dʒət]
466,expense,(～s) 経費；費用；犠牲,[ɪkspéns]
467,insurance,保険；保険料；保険金,[ɪnʃÚərəns]
468,loan,貸付金，融資；貸し付け,[loUn]
469,contract,契約（書）；協定,[kɑ́(ː)ntræ̀kt]
470,mammal,哺ほ乳にゅう動物,[mǽməl]
471,infant,乳児；幼児,[Ínfənt]
472,protein,たんぱく質,[próUtiːn]
473,tissue,（生物の）組織；ティッシュペーパー,[tÍʃuː]
474,fault,（通例 one’s ～）責任；欠点；誤り,[fɔːlt]
475,neighborhood,地域；近所,[néɪbərhÙd]
476,vote,投票；投票結果；(the ～) 選挙権,[voUt]
477,duty,義務；職務；関税,[djúːti]
478,psychology,心理学,[saɪkɑ́(ː)lədʒi]
479,intelligent,聡そう明めいな；知能を有する,[ɪntélɪdʒənt]
480,conscious,意識して，気づいて(≒ awáre),[kɑ́(ː)nʃəs]
481,cognitive,認知の,[kɑ́(ː)ɡnətɪv]
482,sensitive,敏感な；神経質な；微妙な,[sénsətɪv]
483,accurate,正確な；精密な,[ǽkjərət]
484,strict,厳格な；（規則などが）厳しい,[strɪkt]
485,severe,（人・規律などが）厳しい；猛烈な,[sɪvÍər]
486,actual,実際の,[ǽktʃuəl]
487,visual,視覚の；目に見える,[vÍʒuəl]
488,FALSE,誤った；うその；偽にせの,[fɔːls]
489,illegal,違法の，不法の（⇔ légal 合法の）,[ɪlíːɡəl]
490,violent,暴力的な；（人・気質が）激しい,[váɪələnt]
491,military,軍の,[mÍlətèri]
492,civil,市民の；民間の；民事の（⇔ críminal 刑事の）,[sÍvəl]
493,typical,典型的な；（…に）特有の (of),[tÍpɪkəl]
494,universal,普遍的な；宇宙の；万能の,[jùːnɪvə́ːrsəl]
495,constant,絶え間ない；一定の,[kɑ́(ː)nstənt]
496,fundamental,基本的な；必須の,[fʌ̀ndəméntəl]
497,primary,最も重要な；第一の；初等（教育）の,[práɪmèri]
498,rare,珍しい，希少な,[reər]
499,convenient,便利な，都合のいい,[kənvíːniənt]
500,enormous,巨大な，莫ばく大だいな,[ɪnɔ́ːrməs]
501,concentrate,（を）集中する,[kɑ́(ː)nsəntrèɪt]
502,investigate,を調査する；を究明する；（…を）調査する (into),[ɪnvéstɪɡèɪt]
503,adjust,を調整する；を適合させる；順応する,[ədʒʌ́st]
504,arrange,の段取りをつける；を手配する；を配置する,[əréɪndʒ]
505,alter,を変える；変わる (≒ change),[ɔ́ːltər]
506,confirm,を確認する,[kənfə́ːrm]
507,absorb,を吸収する；を併合する,[əbzɔ́ːrb]
508,expose,をさらす；を暴露する；を露出する,[ɪkspóUz]
509,transfer,を移す；を伝える；移る；乗り換える,[trænsfə́ːr]
510,abandon,を捨てる；を放棄する,[əbǽndən]
511,injure,を傷つける；を損なう (≒ hurt),[Índʒər]
512,recover,回復する；を取り戻す,[rɪkʌ́vər]
513,praise,を（…のことで）賞賛する (for)；賛美する,[preɪz]
514,favor,に賛成する；を好む；をひいきする,[féɪvər]
515,celebrate,を祝う；を挙行する,[séləbrèɪt]
516,guarantee,を保証する,[ɡæ̀rəntíː]
517,ensure,を確実にする (≒ make sure)；を守る,[ɪnʃÚər]
518,award,を授与する；を裁定する,[əwɔ́ːrd]
519,grant,を与える；を認める,[ɡrænt]
520,permit,を許可する(≒ allów),[pərmÍt]
521,disappoint,を失望させる；（希望など）をくじく,[dÌsəpɔ́ɪnt]
522,embarrass,に恥ずかしい思いをさせる,[ɪmbǽrəs]
523,bother,を悩ます；（…を）気にかける (about / with),[bɑ́(ː)ðər]
524,upset,を動揺させる；をだめにする,[ʌ̀psét]
525,inform,に知らせる；情報を提供する,[ɪnfɔ́ːrm]
526,warn,（人）に（…について）警告する (of / against),[wɔːrn]
527,command,と命じる；を指揮する；を支配する；（景色）を見渡せる；を操る,[kəmǽnd]
528,imply,を暗に意味する；を必然的に伴う,[ɪmpláɪ]
529,pretend,のふりをする,[prɪténd]
530,interpret,を解釈する；（を）通訳する,[ɪntə́ːrprət]
531,react,反応する；化学反応を起こす,[riǽkt]
532,interact,影響し合う；相互に作用する,[Ìntərǽkt]
533,differ,異なる,[dÍfər]
534,breathe,呼吸する；を吸う,[briːð]
535,stare,（を）じっと見る,[steər]
536,breed,を飼育する，繁殖させる；繁殖する；生じる,[briːd]
537,melt,溶ける；なごむ；を溶かす,[melt]
538,invest,（を）投資する；に（…を）与える (with),[ɪnvést]
539,manufacture,を製造する；をでっち上げる,[mæ̀njufǽktʃər]
540,construct,を建設する；を構成する,[kənstrʌ́kt]
541,wisdom,知恵；学識,[wÍzdəm]
542,insight,洞察力，見識,[Ínsàɪt]
543,discipline,規律，しつけ；訓練；懲戒；学問分野,[dÍsəplɪn]
544,habitat,生息地；（人の）居住地,[hǽbɪtæ̀t]
545,territory,領土；（活動などの）領域,[térətɔ̀ːri]
546,colony,植民地；居留地；（動植物の）コロニー,[kɑ́(ː)ləni]
547,district,地区；行政区,[dÍstrɪkt]
548,shelter,避難（所），保護,[ʃéltər]
549,landscape,風景；領域,[lǽndskèɪp]
550,inhabitant,住民；生息動物,[ɪnhǽbətənt]
551,depression,憂うつ；うつ病；不況；低気圧,[dɪpréʃən]
552,nerve,神経；(～s) 神経過敏；（～する）度胸 (to do),[nəːrv]
553,wound,（銃弾・刃物などによる）傷；痛手,[wuːnd]
554,symptom,症状；兆候 (≒ sign),[sÍmptəm]
555,therapy,療法；心理療法,[θérəpi]
556,welfare,福祉，幸福,[wélfèər]
557,incident,出来事，事件；紛争,[Ínsɪdənt]
558,witness,目撃者(≒ éyewìtness)；証人；証拠，証言,[wÍtnəs]
559,glance,（…を）ちらっと見ること (at),[ɡlæns]
560,ray,光線,[reɪ]
561,ingredient,成分，材料；要素,[ɪnɡríːdiənt]
562,agent,仲介者，代理人；薬剤,[éɪdʒənt]
563,fee,料金；謝礼,[fiː]
564,sacrifice,犠牲；いけにえ,[sǽkrɪfàɪs]
565,burden,負担；（重い）義務；積み荷,[bə́ːrdən]
566,layer,層,[léɪər]
567,row,列；（建物が並ぶ）通り,[roU]
568,instruction,（通例 ～s）指示；(～s)（製品の）使用書,[ɪnstrʌ́kʃən]
569,editor,編集者,[édətər]
570,stuff,（漠然と）物；素材；素質,[stʌf]
571,mission,使命；（外交）使節団,[mÍʃən]
572,procedure,手続き；（一連の）措置,[prəsíːdʒər]
573,immigration,（外国からの）移住（⇔ èmigrátion（外国への）移住）；入国管理事務所 (＝ immigration control),[Ìmɪɡréɪʃən]
574,hybrid,ハイブリッド車；（動植物の）雑種；混成物,[háɪbrɪd]
575,opponent,（試合・論争などの）相手；反対者,[əpóUnənt]
576,outcome,結果(≒ resúlt),[áUtkʌ̀m]
577,equality,平等，対等,[ɪkwɑ́(ː)ləti]
578,reputation,評判,[rèpjutéɪʃən]
579,capable,能力がある；有能な,[kéɪpəbl]
580,proper,適切な；正式の；（…に）固有の (to),[prɑ́(ː)pər]
581,sufficient,（…に；～するのに）十分な (for ；to do)（⇔ ìnsuffícient 十分でない）,[səfÍʃənt]
582,reasonable,合理的な；分別のある；（値段が）手ごろな,[ríːzənəbl]
583,linguistic,言語の,[lɪŋɡwÍstɪk]
584,verbal,言葉の；口頭での；逐語的な,[və́ːrbəl]
585,bilingual,２言語を使う,[baɪlÍŋɡwəl]
586,contemporary,現代の；同時代の；同年輩の,[kəntémpərèri]
587,conventional,従来の；月並みな,[kənvénʃənəl]
588,overall,全体的な,[òUvərɔ́ːl]
589,widespread,広範囲にわたる；広く普及した,[wáɪdsprèd]
590,domestic,家庭の；国内の；（動物が）飼いならされた,[dəméstɪk]
591,distant,遠い；隔たった,[dÍstənt]
592,nuclear,核の，原子力の,[njúːkliər]
593,thick,厚い（⇔ thin 薄い）；太い；濃い,[θɪk]
594,contrary,（…と）反対の (to),[kɑ́(ː)ntrèri]
595,virtual,仮想の；事実上の,[və́ːrtʃuəl]
596,aggressive,攻撃的な；意欲的な,[əɡrésɪv]
597,evil,邪悪な；有害な,[íːvəl]
598,elementary,初級の；基本的な,[èlɪméntəri]
599,annual,１年間の；年１回の，例年の,[ǽnjuəl]
600,immediate,即座の；当面の；すぐそばの；直接の,[ɪmíːdiət]
601,admire,に（…のことで）感嘆する (for),[ədmáɪər]
602,approve,賛成する；を承認する,[əprúːv]
603,devote,をささげる,[dɪvóUt]
604,pursue,を追求する；に従事する,[pərsjúː]
605,dominate,を支配する；（…より）優勢である (over),[dɑ́(ː)mɪnèɪt]
606,possess,を所有している；の心をとらえる,[pəzés]
607,occupy,（空間・時間）を占める；を占領する,[ɑ́(ː)kjupàɪ]
608,secure,を確保する；を守る,[sɪkjÚər]
609,capture,を捕らえる；を引きつける,[kǽptʃər]
610,lend,を貸す（⇔ bórrow を借りる）；（人）に（物）を与える,[lend]
611,rent,を賃借りする；を賃貸しする,[rent]
612,persuade,を説得する；に確信させる,[pərswéɪd]
613,urge,に促す；を強く主張する；を追い立てる,[əːrdʒ]
614,stimulate,を刺激する,[stÍmjulèɪt]
615,annoy,を悩ます；（受身形で）腹が立つ,[ənɔ́ɪ]
616,scare,をおびえさせる；を脅す,[skeər]
617,crash,衝突する，墜落する；をぶつけて壊す,[kræʃ]
618,collapse,崩壊する；（人が）倒れる；を折り畳む,[kəlǽps]
619,remark,と述べる；（…について）意見を述べる (on / upon),[rɪmɑ́ːrk]
620,illustrate,を説明する；に挿絵を入れる,[Íləstrèɪt]
621,protest,抗議する；を主張する,[prətést]
622,declare,を宣言する；を申告する,[dɪkléər]
623,isolate,を孤立させる,[áɪsəlèɪt]
624,accompany,に同行する；に付随する,[əkʌ́mpəni]
625,surround,を取り巻く；にまつわる,[səráUnd]
626,endanger,を危険にさらす,[ɪndéɪndʒər]
627,exhaust,を疲れ果てさせる；を使い尽くす；排気する,[ɪɡzɔ́ːst]
628,disturb,をかき乱す；を邪魔する；を不安にする,[dɪstə́ːrb]
629,puzzle,を当惑させる,[pʌ́zl]
630,quit,をやめる；（場所）を去る,[kwɪt]
631,cope,うまく処理する,[koUp]
632,enhance,（価値など）を高める,[ɪnhǽns]
633,ease,を軽減する；和らぐ；緩む,[iːz]
634,apologize,（…に；…のことで）謝る (to；for)；弁明する,[əpɑ́(ː)lədʒàɪz]
635,acknowledge,を認める (≒ admít)；に謝意を表す,[əknɑ́(ː)lɪdʒ]
636,resemble,に似ている,[rɪzémbl]
637,swallow,（を）飲み込む；をうのみにする；に耐える,[swɑ́(ː)loU]
638,distribute,を分配する；（受身形で）分布する,[dɪstrÍbjət]
639,export,（を）輸出する（⇔ impórt 輸入する）,[ɪkspɔ́ːrt]
640,launch,を開始する；を売り出す；を発射する,[lɔːntʃ]
641,justice,公正，正義；司法,[dʒʌ́stɪs]
642,courage,勇気,[kə́ːrɪdʒ]
643,passion,情熱；熱中；激怒,[pǽʃən]
644,bond,絆きずな；債券；束縛；接着剤,[bɑ(ː)nd]
645,companion,連れ；仲間,[kəmpǽnjən]
646,mood,気分；機嫌；雰囲気,[muːd]
647,prejudice,（…に対する）偏見 (against)(≒ bías),[prédʒUdəs]
648,discrimination,（…に対する）差別 (against)；区別,[dɪskrÌmɪnéɪʃən]
649,priority,優先（事項）,[praɪɔ́(ː)rəti]
650,globe,地球(≒ earth)；世界；球,[ɡloUb]
651,hemisphere,半球,[hémɪsfÌər]
652,boundary,境界（線）；（通例 ～ies）限界,[báUndəri]
653,asteroid,小惑星(≒ minor planet)；ヒトデ,[ǽstərɔ̀ɪd]
654,gravity,重力，引力；重量；重大さ,[ɡrǽvəti]
655,component,構成要素；部品,[kəmpóUnənt]
656,liquid,液体,[lÍkwɪd]
657,orbit,軌道；範囲,[ɔ́ːrbət]
658,trace,痕こん跡せき；微量,[treɪs]
659,treasure,宝物；財産,[tréʒər]
660,logic,論理；道理；原理,[lɑ́(ː)dʒɪk]
661,council,（地方）議会；評議会；（公の）会議,[káUnsəl]
662,profession,職業；専門職；同業者仲間,[prəféʃən]
663,secretary,秘書；事務官；米 長官,[sékrətèri]
664,jury,陪審（員団）；審査員団,[dʒÚəri]
665,physician,内科医,[fɪzÍʃən]
666,surgeon,外科医；軍医,[sə́ːrdʒən]
667,guard,護衛者；監視，警戒,[ɡɑːrd]
668,license,免許（証）,[láɪsəns]
669,grocery,(～ies) 食料雑貨；食料雑貨店,[ɡróUsəri]
670,litter,ごみ；乱雑な状態,[lÍtər]
671,drought,干ばつ；（慢性的な）不足,[draUt]
672,blaze,炎；強い輝き,[bleɪz]
673,trap,わな；苦境,[træp]
674,fate,運命；結末；最期,[feɪt]
675,luxury,ぜいたく（品）；（形容詞的に）豪華な,[lʌ́ɡʒəri]
676,exception,（…の）例外 (to),[ɪksépʃən]
677,sum,金額；合計；要点,[sʌm]
678,conservation,（動植物などの）保護；保存,[kɑ̀(ː)nsərvéɪʃən]
679,democratic,民主主義の；民主的な,[dèməkrǽtɪk]
680,numerous,非常に数の多い,[njúːmərəs]
681,minor,小さい（⇔ májor 大きい方の）；重要でない,[máɪnər]
682,superior,よりすぐれた（⇔ inférior より劣った）,[supÍəriər]
683,principal,主要な；資本金の,[prÍnsəpəl]
684,crucial,重要な；厳しい,[krúːʃəl]
685,vital,必要不可欠な；生き生きした；生命にかかわる,[váɪtəl]
686,rational,理性的な；合理的な（⇔ irrátional 不合理な）,[rǽʃənəl]
687,anxious,心配して；切望して,[ǽŋkʃəs]
688,curious,好奇心の強い；奇妙な,[kjÚəriəs]
689,rude,無礼な（⇔ políte 礼儀正しい）；粗野な,[ruːd]
690,remote,（…から）遠く離れた (from)；かけ離れた,[rɪmóUt]
691,tropical,熱帯の,[trɑ́(ː)pɪkəl]
692,marine,海の；船舶の,[məríːn]
693,extraordinary,異常な（⇔ órdinàry 普通の）；並はずれた,[ɪkstrɔ́ːrdənèri]
694,odd,奇妙な(≒ strange)；奇数の,[ɑ(ː)d]
695,biological,生物学（上）の,[bàɪəlɑ́(ː)dʒɪkəl]
696,racial,人種の，民族の,[réɪʃəl]
697,initial,初めの,[ɪnÍʃəl]
698,distinct,明らかに異なる；明瞭な,[dɪstÍŋkt]
699,pure,純粋な；潔白な；全くの,[pjUər]
700,exact,正確な；まさにその,[ɪɡzǽkt]
701,sustain,を持続させる；を支える,[səstéɪn]
702,defend,を防御する；を弁護する,[dɪfénd]
703,foster,を促進する；を養育する；を心に抱く,[fɑ́(ː)stər]
704,pile,を積み重ねる；積み重なる,[paɪl]
705,attach,を付ける；を付与する,[ətǽtʃ]
706,pour,を注ぐ；（を）放出する；激しく降る；押し寄せる,[pɔːr]
707,load,に積む；に負わせる,[loUd]
708,stretch,を伸ばす；を広げる；伸びる；及ぶ,[stretʃ]
709,convey,を伝える；を運ぶ,[kənvéɪ]
710,derive,由来する；を引き出す；を推論する,[dɪráɪv]
711,tap,（を）有効利用する；を引き出す；を軽くたたく,[tæp]
712,calculate,を計算する；を予測する,[kǽlkjulèɪt]
713,suspect,ではないかと思う；（人）を疑う,[səspékt]
714,detect,を感知する；を見つけ出す,[dɪtékt]
715,attribute,（結果など）を（…に）帰する (to),[ətrÍbjùːt]
716,evaluate,を評価する；を査定する,[ɪvǽljuèɪt]
717,accuse,を非難する；を告訴する,[əkjúːz]
718,sue,を告訴する；（…を求めて）訴訟を起こす (for),[sjuː]
719,retire,（…から）引退する，退職する (from),[rɪtáɪər]
720,shrink,縮む；減少する；ひるむ,[ʃrɪŋk]
721,bow,おじぎする；屈服する,[baU]
722,peer,（…を）じっと見る (at / into),[pɪər]
723,delight,を喜ばせる；（…を）大いに喜ぶ (in),[dɪláɪt]
724,relieve,を和らげる；（受身形で）（～して）安心する (to do)；を解放する,[rɪlíːv]
725,discourage,（人）にやる気をなくさせる；を落胆させる（⇔ encóurage を励ます）,[dɪskə́ːrɪdʒ]
726,frustrate,を挫ざ折せつさせる；（受身形で）（…に）不満を抱く (with),[frʌ́streɪt]
727,neglect,を怠る；を無視する,[nɪɡlékt]
728,resist,に抵抗する；（否定文で）に耐える,[rɪzÍst]
729,restrict,を制限する,[rɪstrÍkt]
730,eliminate,を取り除く,[ɪlÍmɪnèɪt]
731,beat,（を）打つ；を打ち負かす,[biːt]
732,defeat,を負かす (≒ beat)；を失敗させる,[dɪfíːt]
733,punish,を罰する；に損傷を与える,[pʌ́nɪʃ]
734,prohibit,を禁止する,[proUhÍbət]
735,deserve,に値する,[dɪzə́ːrv]
736,pose,（問題など）を提起する；ポーズをとる；（…を）装う (as),[poUz]
737,fold,を折り畳む；畳める；（腕など）を組む,[foUld]
738,monitor,を監視する；を傍受する,[mɑ́(ː)nətər]
739,specialize,専門とする； 英（…を）専攻する (in)(≒ 米 májor),[spéʃəlàɪz]
740,accomplish,を成し遂げる,[əkɑ́(ː)mplɪʃ]
741,faith,（…への）信頼 (in)；信仰（心）,[feɪθ]
742,ambition,（…への）野望 (of / for)；野心,[æmbÍʃən]
743,enthusiasm,（…への）熱情 (for),[ɪnθjúːziæ̀zm]
744,honor,光栄；名誉（⇔ dishónor 不名誉）；敬意,[ɑ́(ː)nər]
745,discount,割引,[dÍskaUnt]
746,fare,（乗り物の）料金,[feər]
747,frame,枠，縁ふち；骨組み；体格,[freɪm]
748,mode,方式；気分；形態；流行,[moUd]
749,architecture,建築；建築様式；構造,[ɑ́ːrkətèktʃər]
750,sequence,一連（のもの）；連続,[síːkwəns]
751,usage,語法；使用（法）,[júːsɪdʒ]
752,abuse,濫用；虐待,[əbjúːs]
753,pesticide,殺虫剤；除草剤 (≒ hérbicìde),[péstɪsàɪd]
754,pollen,花粉,[pɑ́(ː)lən]
755,prefecture,県，府,[príːfektʃər]
756,geography,(the ～) 地理；地理学,[dʒiɑ́(ː)ɡrəfi]
757,administration,管理（部）；行政；政府（機関）,[ədmÌnɪstréɪʃən]
758,candidate,（…の）候補（者）(for)；英 志願者,[kǽndɪdèɪt]
759,rubbish,英 ごみ(≒ 米 gárbage)；つまらないもの,[rʌ́bɪʃ]
760,bias,偏見；傾向,[báɪəs]
761,vice,悪（⇔ vírtue 美徳）；欠点,[vaɪs]
762,debt,借金；恩義,[det]
763,prospect,見込み；(～s) 展望；有望な人,[prɑ́(ː)spekt]
764,expedition,遠征（隊）,[èkspədÍʃən]
765,session,集まり；（議会の）会期；（開会中の）議会,[séʃən]
766,semester,学期,[səméstər]
767,reef,（岩や砂の）礁；暗礁,[riːf]
768,mineral,鉱物；ミネラル,[mÍnərəl]
769,sibling,きょうだい,[sÍblɪŋ]
770,proverb,ことわざ(≒ sáying),[prɑ́(ː)vəːrb]
771,instinct,本能；（自然に起こる）衝動；勘,[Ínstɪŋkt]
772,minimum,最小限度（⇔ máximum 最大限）,[mÍnɪməm]
773,millennium,千年間，千年紀,[mɪléniəm]
774,donor,寄贈者；臓器［血液］提供者,[dóUnər]
775,herd,（牛などの）群れ；群衆,[həːrd]
776,league,（競技）連盟；同盟,[liːɡ]
777,cooperation,協力,[koUɑ̀(ː)pəréɪʃən]
778,fairy,妖よう精せいの（ような）,[féəri]
779,precise,正確な(≒ exáct)；精密な；まさにその,[prɪsáɪs]
780,intense,強烈な；熱烈な,[ɪnténs]
781,solid,固体の；頑丈な,[sɑ́(ː)ləd]
782,permanent,永続的な（⇔ témporàry 一時的な）,[pə́ːrmənənt]
783,brief,短い；簡潔な,[briːf]
784,flexible,融通の利く，柔軟な,[fléksəbl]
785,informal,形式ばらない，略式の（⇔ fórmal 正式の）,[ɪnfɔ́ːrməl]
786,temporary,一時的な（⇔ pérmanent 永続的な）,[témpərèri]
787,frequent,頻繁な,[fríːkwənt]
788,visible,（目に）見える（⇔ invísible 見えない）；明白な,[vÍzəbl]
789,external,外部の（⇔ intérnal 内部の）；対外的な；表面的な,[ɪkstə́ːrnəl]
790,internal,内部の（⇔ extérnal 外部の）；国内の；内面的な,[ɪntə́ːrnəl]
791,plain,明らかな；平易な；率直な,[pleɪn]
792,modest,謙虚な(≒ húmble)；適度な；質素な,[mɑ́(ː)dəst]
793,equivalent,等しい，相当する,[ɪkwÍvələnt]
794,incredible,信じられない；すばらしい,[ɪnkrédəbl]
795,guilty,罪悪感のある；（…について）有罪の (of),[ɡÍlti]
796,raw,生なまの；未加工の,[rɔː]
797,manual,体を使う；手の；手動式の,[mǽnjuəl]
798,literary,文学の；文語の（⇔ collóquial 口語体の）,[lÍtərèri]
799,artificial,人工の（⇔ nátural 自然の）；不自然な,[ɑ̀ːrtɪfÍʃəl]
800,sophisticated,洗練された；精巧な,[səfÍstɪkèɪtɪd]
801,polish,を磨く；を洗練させる,[pɑ́(ː)lɪʃ]
802,embrace,を受け入れる；（を）抱擁する；を包含する,[ɪmbréɪs]
803,compose,を構成する；を創作する；を鎮静する,[kəmpóUz]
804,imitate,をまねる；を模造する,[Ímɪtèɪt]
805,yield,をもたらす；を産出する；を（…に）譲る (to)；（…に）屈する (to),[jiːld]
806,exhibit,を展示する；（感情など）を表す,[ɪɡzÍbət]
807,impress,を感動させる；に印象を与える,[ɪmprés]
808,overwhelm,を圧倒する；を打ちのめす,[òUvərhwélm]
809,interrupt,を中断させる；（の）邪魔をする,[Ìntərʌ́pt]
810,endure,に耐える (≒ put up with)；存続する,[ɪndjÚər]
811,confront,に立ち向かう；（困難などが）に立ちはだかる,[kənfrʌ́nt]
812,consult,（に）相談する；を参照する,[kənsʌ́lt]
813,bump,（bump into で）に偶然出会う；（に）ぶつかる；をぶつける,[bʌmp]
814,dispute,に異議を唱える；（を）議論する,[dɪspjúːt]
815,negotiate,交渉する；を（交渉して）取り決める,[nɪɡóUʃièɪt]
816,justify,を正当化する,[dʒʌ́stɪfàɪ]
817,resolve,を解決する；を決意する；を議決する,[rɪzɑ́(ː)lv]
818,reverse,を逆転させる；を反対にする,[rɪvə́ːrs]
819,convert,を変える；を交換する,[kənvə́ːrt]
820,impose,を課す；を押し付ける,[ɪmpóUz]
821,govern,（を）支配する；（を）統治する,[ɡʌ́vərn]
822,esteem,を尊敬する；を見なす,[ɪstíːm]
823,assist,（を）援助する；を手伝う,[əsÍst]
824,rescue,を救う,[réskjuː]
825,entertain,を楽しませる；をもてなす,[èntərtéɪn]
826,ruin,をだめにする；を破滅させる；滅亡する,[rúːɪn]
827,bury,を埋める；を埋葬する；を隠す,[béri]
828,owe,に借りがある；のおかげである,[oU]
829,chew,（を）噛かむ,[tʃuː]
830,bend,を曲げる；を屈服させる；曲がる,[bend]
831,quote,を引用する；を引き合いに出す,[kwoUt]
832,classify,を分類する；を機密扱いにする,[klǽsɪfàɪ]
833,seal,を密閉する；に封をする,[siːl]
834,arrest,を逮捕する；を止める；（注意）を引く,[ərést]
835,substitute,を代わりに使う；（…の）代理をする (for),[sʌ́bstɪtjùːt]
836,retain,を保持する；を覚えている,[rɪtéɪn]
837,restore,を回復させる；を修復する,[rɪstɔ́ːr]
838,float,浮かぶ；漂う；を浮かべる,[floUt]
839,leap,跳ぶ；さっと動く；急上昇する,[liːp]
840,blossom,花が咲く(≒ bloom)；発展する,[blɑ́(ː)səm]
841,merit,利点（⇔ dèmérit 欠点）；功績；真価,[mérət]
842,faculty,能力，機能；学部；教授陣,[fǽkəlti]
843,charm,魅力；お守り,[tʃɑːrm]
844,nutrition,栄養（の摂取）,[njutrÍʃən]
845,beverage,（水以外の）飲み物，飲料,[bévərɪdʒ]
846,recipe,調理法，レシピ；手順,[résəpi]
847,molecule,分子；微粒子,[mɑ́(ː)lɪkjùːl]
848,ecology,生態学；生態系；環境保護,[ɪ(ː)kɑ́lədʒi]
849,ethics,倫理，道徳,[éθɪks]
850,mankind,人類,[mæ̀nkáɪnd]
851,nationality,国籍；国民；国民性,[næ̀ʃənǽləti]
852,pension,年金,[pénʃən]
853,scheme,計画(≒ plan)；体系；陰謀,[skiːm]
854,haven,避難所，保護区；港,[héɪvən]
855,formation,形成；構成物；隊列,[fɔːrméɪʃən]
856,skeleton,骨格；骨組み,[skélɪtən]
857,core,核心；芯,[kɔːr]
858,stem,（草木の）茎，幹,[stem]
859,span,期間；範囲,[spæn]
860,limitation,制限；（通例 ～s）限界,[lÌmɪtéɪʃən]
861,obstacle,（…に対する）障害（物）(to),[ɑ́(ː)bstəkl]
862,province,州，県；(the ～s)地方；分野,[prɑ́(ː)vɪns]
863,galaxy,星雲，銀河,[ɡǽləksi]
864,sensation,感覚；大評判,[senséɪʃən]
865,sympathy,同情；（…に対する）共感 (with / for),[sÍmpəθi]
866,pity,哀れみ；残念なこと,[pÍti]
867,tragedy,悲劇（的な事件）（⇔ cómedy 喜劇）,[trǽdʒədi]
868,divorce,離婚；分離,[dɪvɔ́ːrs]
869,theft,窃盗（罪）,[θeft]
870,panic,狼ろう狽ばい，パニック,[pǽnɪk]
871,retreat,後退，退却；引退,[rɪtríːt]
872,jail,刑務所，拘置所,[dʒeɪl]
873,blade,刃；（プロペラなどの）羽根；（草などの）葉,[bleɪd]
874,stroke,脳卒中；打つこと；一撃,[stroUk]
875,clue,（…の）手がかり (to)；（パズルの）ヒント,[kluː]
876,queue,英（順番を待つ）列(≒ 米 line),[kjuː]
877,enterprise,企業；事業；進取の気性,[éntərpràɪz]
878,fortune,財産；幸運 (≒ luck)；運命,[fɔ́ːrtʃən]
879,stable,安定した；動じない,[stéɪbl]
880,steady,着実な；安定した,[stédi]
881,mature,成熟した（⇔ ìmmatúre 未熟な）；熟した,[mətÚər]
882,eager,（…を）熱望して (for)；熱心な,[íːɡər]
883,reluctant,気が進まない，嫌がる（⇔ wílling いとわない）,[rɪlʌ́ktənt]
884,humorous,ひょうきんな；ユーモアのある,[hjúːmərəs]
885,fluent,流ちょうな,[flúːənt]
886,prime,最も重要な，第一の,[praɪm]
887,precious,貴重な；高価な (≒ váluable),[préʃəs]
888,artistic,芸術的な,[ɑːrtÍstɪk]
889,ethnic,民族の，人種の；民族特有の,[éθnɪk]
890,primitive,原始的な；未開の,[prÍmətɪv]
891,federal,連邦（政府）の,[fédərəl]
892,royal,王の,[rɔ́ɪəl]
893,mutual,相互の；共通の,[mjúːtʃuəl]
894,apparent,明白な；一見…らしい,[əpǽrənt]
895,casual,何気ない；形式ばらない,[kǽʒuəl]
896,slight,わずかな；取るに足らない,[slaɪt]
897,mere,単なる，ほんの,[mɪər]
898,spare,余分の；予備の,[speər]
899,abstract,抽象的な（⇔ concréte 具体的な）,[ǽbstrækt]
900,ultimate,究極の,[ʌ́ltɪmət]
901,venture,危険を冒して進む；思い切ってする,[véntʃər]
902,chase,（を）追跡する；（を）追求する,[tʃeɪs]
903,migrate,移住する；（鳥などが）渡る,[máɪɡreɪt]
904,flee,（から）逃げる,[fliː]
905,swing,を揺らす，振る；揺れる；一変する,[swɪŋ]
906,hesitate,躊ちゅう躇ちょする,[hézɪtèɪt]
907,postpone,を延期する(≒ put off),[poUstpóUn]
908,withdraw,を引き出す；を撤回する；撤退する,[wɪðdrɔ́ː]
909,grip,を握る；をとらえる,[ɡrɪp]
910,grab,をつかむ；を横領する；を急いで食べる,[ɡræb]
911,grasp,を把握する；をしっかり握る,[ɡræsp]
912,gaze,じっと見る,[ɡeɪz]
913,scan,を注意深く調べる；をざっと見る,[skæn]
914,forecast,を予想する；を予報する,[fɔ́ːrkæ̀st]
915,register,を記録する，登録する；を示す,[rédʒɪstər]
916,advocate,を主張する；を擁護する,[ǽdvəkèɪt]
917,trigger,を引き起こす,[trÍɡər]
918,cultivate,を養う；を栽培する,[kʌ́ltɪvèɪt]
919,qualify,（人）に資格を与える；資格がある,[kwɑ́(ː)lɪfàɪ]
920,interfere,干渉する，介入する；邪魔する,[ÌntərfÍər]
921,clog,を詰まらせる；を阻害する；詰まる,[klɑ(ː)ɡ]
922,distract,（注意など）をそらす,[dɪstrǽkt]
923,forbid,を禁じる,[fərbÍd]
924,deceive,をだます(≒ take in),[dɪsíːv]
925,overlook,を見落とす；を大目に見る；を見渡す,[òUvərlÚk]
926,dismiss,（意見など）を退ける；を解雇する,[dɪsmÍs]
927,spoil,を台無しにする；を甘やかす；だめになる,[spɔɪl]
928,yawn,あくびをする,[jɔːn]
929,greet,に挨あい拶さつする；を迎える,[ɡriːt]
930,nod,うなずく；うとうとする,[nɑ(ː)d]
931,obey,に従う；に服従する,[oUbéɪ]
932,undergo,を経験する；を受ける；に耐える,[ʌ̀ndərɡóU]
933,rear,（人・動物・植物）を育てる(≒ raise,[rɪər]
934,heal,を治す；治る,[hiːl]
935,cite,を引き合いに出す；を引用する,[saɪt]
936,modify,を修正する；を緩和する,[mɑ́(ː)dɪfàɪ]
937,exaggerate,（を）誇張する；を強調する,[ɪɡzǽdʒərèɪt]
938,burst,破裂する；（…を）突然始める (into),[bəːrst]
939,thrill,をぞくぞくさせる；わくわくする,[θrɪl]
940,exceed,を超える；に勝る,[ɪksíːd]
941,privilege,特権，特典,[prÍvəlɪdʒ]
942,liberty,自由(≒ fréedom)；解放；気まま,[lÍbərti]
943,prosperity,繁栄,[prɑ(ː)spérəti]
944,heritage,遺産,[hérətɪdʒ]
945,congress,（米国などの）議会；会議,[kɑ́(ː)ŋɡrəs]
946,parliament,（英国などの）議会；国会議員団,[pɑ́ːrləmənt]
947,infrastructure,（経済）基盤；インフラ,[Ínfrəstrʌ̀ktʃər]
948,dimension,側面，局面；次元；寸法,[dəménʃən]
949,portion,部分；１人前；割り当て,[pɔ́ːrʃən]
950,supplement,栄養補助剤；補足,[sʌ́plɪmənt]
951,appetite,食欲；欲求,[ǽpɪtàɪt]
952,temper,気質，気性；機嫌；かんしゃく,[témpər]
953,fancy,（気まぐれな）好み；空想；思いつき,[fǽnsi]
954,illusion,錯覚，思い違い；幻想,[ɪlúːʒən]
955,fatigue,疲労(≒ exháustion),[fətíːɡ]
956,stress,ストレス；圧力；強調,[stres]
957,hazard,危険（要素）；偶然,[hǽzərd]
958,infection,感染（症）,[ɪnfékʃən]
959,famine,飢き饉きん；（食糧・物資の）ひどい不足,[fǽmɪn]
960,chaos,混こん沌とん，大混乱,[kéɪɑ̀(ː)s]
961,distress,苦悩；苦痛；困窮,[dɪstrés]
962,shame,恥；残念なこと,[ʃeɪm]
963,cattle,（集合的に）牛,[kǽtl]
964,predator,捕食動物；略奪者,[prédətər]
965,wilderness,荒野,[wÍldərnəs]
966,shade,（日）陰；明暗の度合い；日よけ,[ʃeɪd]
967,monk,修道士，僧（⇔ nun 修道女，尼）,[mʌŋk]
968,priest,聖職者,[priːst]
969,funeral,葬式,[fjúːnərəl]
970,transition,移り変わり；過渡期,[trænzÍʃən]
971,circulation,循環；流通；（新聞・雑誌の）発行部数,[sə̀ːrkjuléɪʃən]
972,adolescent,青年,[æ̀dəlésənt]
973,equation,方程式；(the ～)同一視,[ɪkwéɪʒən]
974,patent,特許（権）；特許品,[pǽtənt]
975,metaphor,隠いん喩ゆ；比ひ喩ゆ,[métəfɔ̀(ː)r]
976,narrative,物語，話,[nǽrətɪv]
977,consent,同意，承諾,[kənsént]
978,dignity,尊厳；威厳,[dÍɡnəti]
979,relevant,関係がある（⇔ irrélevant 関係のない）；適切な,[réləvənt]
980,adequate,十分な；適切な（⇔ inádequate 不適切な）,[ǽdɪkwət]
981,genuine,本物の(≒ réal,[dʒénjuɪn]
982,prompt,迅速な,[prɑ(ː)mpt]
983,intimate,親密な；密接な,[Íntəmət]
984,alert,警戒して；敏速な,[ələ́ːrt]
985,conservative,保守的な；保守党の；控えめな,[kənsə́ːrvətɪv]
986,indifferent,無関心な(≒ ùnínterested),[ɪndÍfərənt]
987,alien,（…にとって）異質の (to)；外国の,[éɪliən]
988,random,無作為の；手当たり次第の,[rǽndəm]
989,subtle,微妙な；希薄な,[sʌ́tl]
990,moderate,適度な；穏健な,[mɑ́(ː)dərət]
991,multiple,多様な,[mʌ́ltɪpl]
992,polar,極地の；電極の,[póUlər]
993,arctic,（しばしば A-）北極の（⇔ antárctic 南極の）,[ɑ́ːrktɪk]
994,acid,酸性の；酸っぱい；辛しん辣らつな,[ǽsɪd]
995,cosmetic,化粧の，美容の,[kɑ(ː)zmétɪk]
996,extinct,絶滅した；廃止された,[ɪkstÍŋkt]
997,spiritual,精神の（⇔ matérial 物質の）；霊的な,[spÍrɪtʃuəl]
998,meaningful,意味のある,[míːnɪŋfəl]
999,mechanical,機械の；機械的な,[mɪkǽnɪkəl]
1000,dynamic,活動的な；動的な（⇔ státic 静的な）,[daɪnǽmɪk]
1001,boost,を高める；を増加させる,[buːst]
1002,reinforce,を強化する,[rìːɪnfɔ́ːrs]
1003,accumulate,を蓄積する；積もる,[əkjúːmjUlèɪt]
1004,nurture,をはぐくむ；を養成する,[nə́ːrtʃər]
1005,accustom,（人）を慣れさせる,[əkʌ́stəm]
1006,correspond,一致する；文通する,[kɔ̀(ː)rəspɑ́(ː)nd]
1007,assign,を配属する；を割り当てる,[əsáɪn]
1008,regulate,を規制する；を調整する,[réɡjəlèɪt]
1009,violate,を侵害する；（規則）を破る,[váɪəlèɪt]
1010,irritate,をいらいらさせる,[Írɪtèɪt]
1011,insult,を侮辱する(≒ affrónt),[ɪnsʌ́lt]
1012,diminish,を減らす；減少する (≒ dècréase),[dɪmÍnɪʃ]
1013,exclude,を除外する（⇔ inclúde を含む）,[ɪksklúːd]
1014,rob,から（金品を）奪う,[rɑ(ː)b]
1015,deprive,から（権利などを）奪う,[dɪpráɪv]
1016,deposit,を置く；を預ける；を堆積させる,[dɪpɑ́(ː)zət]
1017,twist,をねじる，ひねる；を歪わい曲きょく,[twɪst]
1018,blend,を混ぜる；を調和させる,[blend]
1019,mount,に着手する；に乗る；に乗せる；増える,[maUnt]
1020,pitch,を投げる,[pɪtʃ]
1021,cast,を投じる；に役を当てる,[kæst]
1022,dump,を投棄する；を落とす,[dʌmp]
1023,anticipate,を予期する,[æntÍsɪpèɪt]
1024,assess,を評価する；を査定する,[əsés]
1025,pronounce,を宣言する；を発音する,[prənáUns]
1026,spell,（語）をつづる；という語になる,[spel]
1027,portray,を描く；を演じる,[pɔːrtréɪ]
1028,astonish,を驚かす,[əstɑ́(ː)nɪʃ]
1029,emit,（光・音など）を出す,[ɪmÍt]
1030,cough,咳せきをする,[kɔːf]
1031,wander,歩き回る；それる，はぐれる,[wɑ́(ː)ndər]
1032,drift,漂う；さまよう；を押し流す,[drɪft]
1033,cease,をやめる；終わる,[siːs]
1034,underlie,の根底にある,[ʌ̀ndərláɪ]
1035,constitute,を構成する,[kɑ́(ː)nstətjùːt]
1036,resort,（好ましくない手段に）訴える,[rɪzɔ́ːrt]
1037,decorate,を装飾する,[dékərèɪt]
1038,reform,を改革する,[rɪfɔ́ːrm]
1039,conquer,を征服する；を克服する,[kɑ́(ː)ŋkər]
1040,persist,固執する；続く,[pərsÍst]
1041,incentive,動機（付け）；報奨金,[ɪnséntɪv]
1042,intuition,直観（力），直感,[ÌntjuÍʃən]
1043,impulse,衝動；刺激,[Ímpʌls]
1044,fantasy,空想；幻想；幻想的作品,[fǽntəsi]
1045,destiny,運命,[déstəni]
1046,virtue,美徳；長所；効能,[və́ːrtʃuː]
1047,compliment,賛辞；表敬,[kɑ́(ː)mpləmənt]
1048,anniversary,記念日,[æ̀nɪvə́ːrsəri]
1049,hive,ミツバチの巣；群衆,[haɪv]
1050,nursery,託児所；苗床,[nə́ːrsəri]
1051,dormitory,米 寮,[dɔ́ːrmətɔ̀ːri]
1052,gallery,美術館，画廊；回廊,[ɡǽləri]
1053,mill,製造工場；製粉所；粉ひき機,[mɪl]
1054,output,生産（高）；出力；排出（量）,[áutpÙt]
1055,joint,関節；接合（部）,[dʒɔɪnt]
1056,phase,段階；面,[feɪz]
1057,particle,（微）粒子；ほんのわずか,[pɑ́ːrtɪkl]
1058,column,コラム；（新聞などの）欄；円柱,[kɑ́(ː)ləm]
1059,margin,余白；差；利ざや,[mɑ́ːrdʒɪn]
1060,crack,割れ目；鋭い音,[kræk]
1061,mess,散らかった状態；混乱状態,[mes]
1062,spectator,（試合などの）観客,[spékteɪtər]
1063,prey,獲物；犠牲者,[preɪ]
1064,irrigation,灌かん漑がい,[Ìrɪɡéɪʃən]
1065,fluid,流動体，液体,[flúːɪd]
1066,prairie,大草原,[préəri]
1067,estate,（動産・不動産などの）財産；私有地,[ɪstéɪt]
1068,plot,（小説などの）筋；陰謀,[plɑ(ː)t]
1069,realm,領域；領土,[relm]
1070,deadline,締め切り,[dédlàɪn]
1071,poll,世論調査(＝ opinion poll)；投票（数）,[poUl]
1072,census,国勢調査；交通調査,[sénsəs]
1073,controversy,論争,[kɑ́(ː)ntrəvə̀ːrsi]
1074,combat,戦闘；対立,[kɑ́(ː)mbæ̀t]
1075,consensus,総意；（意見の）一致,[kənsénsəs]
1076,treaty,（国家間の）条約；協定,[tríːti]
1077,remedy,治療（法）；治療薬；解決法,[rémədi]
1078,triumph,勝利；勝利の喜び；偉業,[tráɪʌmf]
1079,competent,有能な；適任の；満足できる,[kɑ́(ː)mpətənt]
1080,brilliant,すばらしい；才能にあふれた；きらめく,[brÍljənt]
1081,sensible,賢明な；実用的な；顕著な,[sénsəbl]
1082,generous,寛大な；気前のよい（⇔ stíngy けちな）；豊富な,[dʒénərəs]
1083,brave,勇敢な（⇔ cówardly 臆おく病びょうな）；見事な,[breɪv]
1084,optimistic,楽観的な（⇔ pèssimístic 悲観的な）,[ɑ̀(ː)ptɪmÍstɪk]
1085,passive,受動的な；消極的な,[pǽsɪv]
1086,harsh,厳しい；ざらついた,[hɑːrʃ]
1087,ugly,醜い；険悪な,[ʌ́ɡli]
1088,sensory,感覚の,[sénsəri]
1089,oral,口頭の,[ɔ́ːrəl]
1090,awkward,気まずい；ぎこちない；面倒な,[ɔ́ːkwərd]
1091,neutral,中立の；はっきりしない,[njúːtrəl]
1092,vague,漠然とした,[veɪɡ]
1093,urgent,緊急の,[ə́ːrdʒənt]
1094,inevitable,避けられない,[ɪnévətəbl]
1095,concrete,具体的な（⇔ ábstract 抽象的な）；有形の,[kɑ(ː)nkríːt]
1096,abundant,豊富な,[əbʌ́ndənt]
1097,sacred,神聖な(≒ hóly)；宗教的な,[séɪkrɪd]
1098,prominent,卓越した；目立つ,[prɑ́(ː)mɪnənt]
1099,dense,密集した，密度の高い；（霧などが）濃い,[dens]
1100,profound,重大な；深い；難解な,[prəfáUnd]
1101,tackle,に取り組む；と話をつける,[tǽkl]
1102,dedicate,をささげる；を献呈する,[dédɪkèɪt]
1103,dare,あえて［思い切って］～する,[deər]
1104,accelerate,（を）加速する，促進する,[əksélərèɪt]
1105,transmit,を伝える；を送る,[trænsmÍt]
1106,strain,に負担をかける；を緊張させる；を漉こす,[streɪn]
1107,tempt,を引きつける；（人）を～する気にさせる,[tempt]
1108,amuse,をおもしろがらせる；を楽しませる,[əmjúːz]
1109,disgust,をむかつかせる；に愛想を尽かせる,[dɪsɡʌ́st]
1110,cheat,をだます；不正をする,[tʃiːt]
1111,confine,を限定する；（通例受身形で）閉じ込められる,[kənfáɪn]
1112,conceal,を隠す (≒ hide)；を秘密にする,[kənsíːl]
1113,forgive,を許す；を免除する,[fərɡÍv]
1114,discard,を捨てる；を解雇する,[dɪskɑ́ːrd]
1115,convict,に有罪を宣告する,[kənvÍkt]
1116,commute,通勤［通学］する,[kəmjúːt]
1117,whisper,（と）ささやく,[hwÍspər]
1118,fade,薄れる；衰える,[feɪd]
1119,starve,飢える；（…を）渇望する (for)；を飢えさせる,[stɑːrv]
1120,vanish,消える(≒ dìsappéar),[vǽnɪʃ]
1121,drain,（液体）を流出させる；（液体が）流れ出る,[dreɪn]
1122,dip,を浸す；を突っ込む；下がる,[dɪp]
1123,crush,を押しつぶす；を弾圧する,[krʌʃ]
1124,explode,爆発する；急増する；を論破する,[ɪksplóUd]
1125,terrify,を怖がらせる；を脅かす,[térəfàɪ]
1126,exploit,を活用する；を搾取する,[ɪksplɔ́ɪt]
1127,elect,を選出する,[ɪlékt]
1128,equip,に備えつける；を（…のために）装備する (for),[ɪkwÍp]
1129,fulfill,を実現させる；を果たす；を満たす,[fUlfÍl]
1130,log,（log on で）ログオンする；を記録する,[lɔ(ː)ɡ]
1131,inherit,を受け継ぐ；を引き継ぐ,[ɪnhérət]
1132,submit,を提出する；（submit oneself で）従う；（…に）屈服する (to),[səbmÍt]
1133,renew,を更新する；を再生する,[rɪnjúː]
1134,reproduce,を複製する；を再生する；繁殖する,[rìːprədjúːs]
1135,flourish,繁栄する；繁茂する；を振りかざす,[flə́ːrɪʃ]
1136,thrive,繁栄する；成功する；繁茂する,[θraɪv]
1137,spill,をこぼす；こぼれる,[spɪl]
1138,scatter,をまき散らす；四散する,[skǽtər]
1139,sprawl,（都市などが）不規則に広がる,[sprɔːl]
1140,prevail,普及している；支配的である；打ち勝つ,[prɪvéɪl]
1141,intellect,知性；(the ～)知識人,[Íntəlèkt]
1142,courtesy,礼儀正しさ；好意；優遇,[kə́ːrtəsi]
1143,posture,姿勢；心構え,[pɑ́(ː)stʃər]
1144,sociology,社会学,[sòUsiɑ́(ː)lədʒi]
1145,motive,動機,[móUtɪv]
1146,cue,合図；手掛かり,[kjuː]
1147,utility,公共事業；実用性,[jutÍləti]
1148,chore,雑用；日課；嫌な仕事,[tʃɔːr]
1149,cereal,（通例 ～s）穀物；シリアル（穀物加工食品）,[sÍəriəl]
1150,fiber,繊維（質）；本質；精神力,[fáɪbər]
1151,intake,摂取量；受け入れ数,[Íntèɪk]
1152,scent,香り；香水；気配,[sent]
1153,flavor,風味；特色,[fléɪvər]
1154,mixture,混合（物）,[mÍkstʃər]
1155,ratio,比率,[réɪʃiòU]
1156,counterpart,相当する物［人］,[káUntərpɑ̀ːrt]
1157,patch,小区画の土地；継ぎ；はり薬,[pætʃ]
1158,flock,群れ；群集,[flɑ(ː)k]
1159,pedestrian,歩行者,[pədéstriən]
1160,librarian,司書，図書館員,[laɪbréəriən]
1161,draft,下書き；為替手形；すき間風,[dræft]
1162,formula,方法；公式；製法,[fɔ́ːrmjUlə]
1163,commodity,商品；有用なもの,[kəmɑ́(ː)dəti]
1164,asset,（通例 ～s）資産；価値のあるもの；利点,[ǽsèt]
1165,currency,通貨；普及,[kə́ːrənsi]
1166,tide,潮（の干満）；動向,[taɪd]
1167,abortion,妊娠中絶,[əbɔ́ːrʃən]
1168,toll,損害（の程度）；死者数；通行料,[toUl]
1169,penalty,（刑）罰；罰金,[pénəlti]
1170,deforestation,森林伐採,[diːfɔ̀(ː)rɪstéɪʃən]
1171,microbe,細菌；微生物,[máɪkroUb]
1172,outbreak,発生，勃ぼっ発ぱつ,[áutbrèɪk]
1173,epidemic,流行病；蔓まん延えん,[èpɪdémɪk]
1174,syndrome,症候群；…現象,[sÍndroUm]
1175,outlet,直売店；はけ口；米（電気の）コンセント(≒ 英 sócket),[áUtlèt]
1176,perfume,香水，香料,[pə́ːrfjuːm]
1177,reception,歓迎会；受付；受領,[rɪsépʃən]
1178,recipient,受け取る人；（臓器などの）被提供者,[rɪsÍpiənt]
1179,keen,熱心な；鋭敏な；激しい,[kiːn]
1180,decent,そこそこの；きちんとした；上品な,[díːsənt]
1181,mild,穏やかな；軽い,[maɪld]
1182,humble,謙虚な；質素な；身分が低い,[hʌ́mbl]
1183,noble,高貴な；堂々とした,[nóUbl]
1184,selfish,利己的な(≒ sèlf-céntered),[sélfɪʃ]
1185,cruel,残酷な；厳しい,[krúːəl]
1186,ridiculous,ばかげた；法外な,[rɪdÍkjUləs]
1187,deaf,耳が聞こえない(≒ hard of hearing),[def]
1188,grateful,感謝している,[ɡréɪtfəl]
1189,elaborate,入念な；凝った,[ɪlǽbərət]
1190,rough,粗い；大まかな；乱暴な,[rʌf]
1191,bitter,苦い；厳しい；辛しん辣らつな；怒りっぽい,[bÍtər]
1192,radical,急進的な；根本的な,[rǽdɪkəl]
1193,collective,集団の，共同の,[kəléktɪv]
1194,exotic,外来の；異国風の,[ɪɡzɑ́(ː)tɪk]
1195,steep,（傾斜が）急な；急激な；法外な,[stiːp]
1196,shallow,浅い（⇔ deep 深い）；浅薄な,[ʃǽloU]
1197,parallel,（…と）平行の (to)；類似した,[pǽrəlèl]
1198,probable,十分にありそうな,[prɑ́(ː)bəbl]
1199,absolute,絶対的な（⇔ rélative 相対的な）,[ǽbsəljùːt]
1200,aesthetic,美的な；美学の,[esθétɪk]
1201,proceed,進行する；（…を）続行する (with),[prəsíːd]
1202,bloom,花が咲く；栄える,[bluːm]
1203,assert,を主張する,[əsə́ːrt]
1204,bet,と確信する；（を）賭ける,[bet]
1205,boast,を誇る；（を）自慢する,[boUst]
1206,beg,に（…を）切に頼む (for)；（を）懇願する,[beɡ]
1207,compromise,妥協する；を危うくする,[kɑ́(ː)mprəmàɪz]
1208,inquire,（を）尋ねる,[ɪnkwáɪər]
1209,yell,叫ぶ，怒鳴る,[jel]
1210,bully,をいじめる；を脅す,[bÚli]
1211,descend,（を）降りる（⇔ ascénd 上がる）；受け継がれる,[dɪsénd]
1212,crawl,はう；ゆっくり進む,[krɔːl]
1213,lean,かがむ；傾く；をもたせかける,[liːn]
1214,spin,を回転させる；（糸）を紡ぐ；回転する,[spɪn]
1215,drown,溺でき死しする；を水浸しにする,[draUn]
1216,split,を分割する；分裂する,[splɪt]
1217,revive,を復活させる；復活する,[rɪváɪv]
1218,sigh,ため息をつく,[saɪ]
1219,refrain,控える,[rɪfréɪn]
1220,sweep,（を）掃く；を一掃する；通過する,[swiːp]
1221,knit,編み物をする；を結合する,[nɪt]
1222,cram,を詰め込む；詰め込み勉強をする,[kræm]
1223,digest,を消化する；を理解する；を要約する,[daɪdʒést]
1224,suppress,を抑える；を抑圧する,[səprés]
1225,offend,の気分を害する；（に）違反する,[əfénd]
1226,compensate,補償する (≒ make up)；に償う,[kɑ́(ː)mpənsèɪt]
1227,compound,を悪化させる；を合成する；を混合する,[kəmpáUnd]
1228,comprise,から成る；を構成する,[kəmpráɪz]
1229,transplant,を移植する；を移住させる,[træ̀nsplǽnt]
1230,uncover,を暴く；を発掘する,[ʌ̀nkʌ́vər]
1231,extract,を取り出す；を抜粋する；を引用する,[ɪkstrǽkt]
1232,recruit,を募る；に新人を補充する,[rɪkrúːt]
1233,entitle,に権利を与える；に題名を付ける,[ɪntáɪtl]
1234,appoint,を任命する；を指定する,[əpɔ́ɪnt]
1235,install,を設置する；を就任させる,[ɪnstɔ́ːl]
1236,enforce,を施行する；を（…に）強制する (on / upon),[ɪnfɔ́ːrs]
1237,implement,を実行する,[Ímplɪmènt]
1238,manipulate,を（巧みに）操る；を改ざんする,[mənÍpjulèɪt]
1239,refine,を精製する；を洗練する,[rɪfáɪn]
1240,attain,を獲得する，達成する；に達する,[ətéɪn]
1241,quest,探究,[kwest]
1242,outlook,態度，見解；見通し；眺め,[áUtlÙk]
1243,premise,前提；(～s)（建物を含めた）構内,[prémɪs]
1244,unity,統合；結束；一貫性,[júːnəti]
1245,fabric,織物；構造,[fǽbrɪk]
1246,thread,（議論などの）筋道；糸,[θred]
1247,craftsman,職人；工芸家,[krǽftsmən]
1248,sculpture,彫刻（作品）,[skʌ́lptʃər]
1249,sphere,球体；領域；天体,[sfɪər]
1250,curve,（道路などの）カーブ；曲線,[kəːrv]
1251,profile,人物の紹介；横顔；輪郭,[próUfaɪl]
1252,fingerprint,指紋,[fÍŋɡərprÌnt]
1253,criterion,（判断・評価の）基準,[kraɪtÍəriən]
1254,altitude,高度，標高,[ǽltɪtjùːd]
1255,tuition,授業料(＝ tuition fees)；（個人）指導,[tjuÍʃən]
1256,stake,杭くい；賭け金；利害関係,[steɪk]
1257,acquaintance,知人；面識；知識,[əkwéɪntəns]
1258,discourse,会話；講演,[dÍskɔːrs]
1259,gratitude,感謝（の気持ち）,[ɡrǽtətjùːd]
1260,worship,崇拝；賛美,[wə́ːrʃəp]
1261,caution,用心；警告,[kɔ́ːʃən]
1262,horror,恐怖；強い嫌悪；嫌な物［人］,[hɔ́(ː)rər]
1263,decay,腐敗（した状態）；衰退,[dɪkéɪ]
1264,defect,欠陥；不足,[díːfekt]
1265,troop,(～s) 軍隊；集団,[truːp]
1266,grave,墓；(the ～)死,[ɡreɪv]
1267,ranch,牧場；米 大農場,[ræntʃ]
1268,republic,共和国；共和制,[rɪpʌ́blɪk]
1269,county,米 郡； 英 州,[káUnti]
1270,cottage,米 小別荘；小さな家,[kɑ́(ː)tɪdʒ]
1271,commerce,商業；貿易,[kɑ́(ː)mərs]
1272,recession,不況；後退,[rɪséʃən]
1273,despair,絶望,[dɪspéər]
1274,spray,噴霧（液）；噴霧器,[spreɪ]
1275,compassion,同情,[kəmpǽʃən]
1276,offspring,子孫，子；成果,[ɔ́(ː)fsprÌŋ]
1277,cortex,皮質；樹皮,[kɔ́ːrteks]
1278,fame,名声,[feɪm]
1279,worthwhile,価値がある；立派な,[wə̀ːrθhwáɪl]
1280,valid,妥当な（⇔ inválid 妥当でない）；有効な,[vǽlɪd]
1281,thorough,徹底的な；全くの,[θə́ːroU]
1282,tremendous,途方もない，莫ばく大だいな；すばらしい,[trəméndəs]
1283,empirical,経験的な；経験主義の,[ɪmpÍrɪkəl]
1284,secondary,二次的な；中級の,[sékəndèri]
1285,subsequent,その後の,[sʌ́bsɪkwənt]
1286,innate,生まれながらの；固有の,[Ìnéɪt]
1287,interior,室内の；内部の（⇔ extérior 外部の）,[ɪntÍəriər]
1288,bare,裸の；ありのままの,[beər]
1289,innocent,無罪の（⇔ guílty 有罪の）；無邪気な；無知の,[Ínəsənt]
1290,delicate,繊細な；扱いにくい；もろい,[délɪkət]
1291,ambiguous,あいまいな,[æmbÍɡjuəs]
1292,fragile,壊れやすい；虚弱な,[frǽdʒəl]
1293,awful,ひどい；嫌な；恐ろしい,[ɔ́ːfəl]
1294,inferior,より劣った（⇔ supérior よりすぐれた）,[ɪnfÍəriər]
1295,ashamed,恥じて,[əʃéɪmd]
1296,medieval,中世の；時代遅れの,[mìːdiíːvəl]
1297,stern,厳しい；いかめしい,[stəːrn]
1298,tense,張り詰めた，緊張した,[tens]
1299,imperial,帝国の；皇帝の,[ɪmpÍəriəl]
1300,magnificent,壮大な；見事な,[mæɡnÍfɪsənt]
1301,integrate,を統合する；融合する,[Íntəɡrèɪt]
1302,incorporate,を取り入れる；を法人にする；合併する,[ɪnkɔ́ːrpərèɪt]
1303,utilize,を利用する(≒ make use of),[júːtəlàɪz]
1304,revise,を修正する；を改正する,[rɪváɪz]
1305,prolong,を長引かせる,[prəlɔ́(ː)ŋ]
1306,lessen,を少なくする；減る,[lésən]
1307,stir,をかき回す；を揺り動かす,[stəːr]
1308,drag,を引きずる；ぐずぐずする,[dræɡ]
1309,scrub,（を）磨く,[skrʌb]
1310,strip,を［から］取り去る；を裸にする,[strɪp]
1311,squeeze,を押し込む；を絞る,[skwiːz]
1312,shed,を捨て去る；（光など）を放つ；（涙・血）を流す,[ʃed]
1313,plug,（plug in で）を電源に差し込む；を差し込む,[plʌɡ]
1314,distort,を歪ゆがめる；歪む,[dɪstɔ́ːrt]
1315,disrupt,を混乱させる；を分裂させる,[dɪsrʌ́pt]
1316,devastate,を荒らす；を困惑させる,[dévəstèɪt]
1317,worsen,を悪化させる；悪化する (≒ detérioràte),[wə́ːrsən]
1318,abolish,を廃止する(≒ do away with),[əbɑ́(ː)lɪʃ]
1319,regain,を取り戻す,[rɪɡéɪn]
1320,exert,を及ぼす；を行使する,[ɪɡzə́ːrt]
1321,precede,に先行する；に優先する,[prɪsíːd]
1322,lag,遅れる；徐々に弱まる,[læɡ]
1323,converse,（…と）会話をする (with),[kənvə́ːrs]
1324,utter,（声）を発する；（考えなど）を述べる,[ʌ́tər]
1325,outline,の要点を述べる；の輪郭を描く,[áUtlàɪn]
1326,conform,順応する；一致する,[kənfɔ́ːrm]
1327,designate,を指定する；を任命する,[dézɪɡnèɪt]
1328,assure,に自信を持って言う；を保証する,[əʃÚər]
1329,reassure,を安心させる,[rìːəʃÚər]
1330,console,を慰める,[kənsóUl]
1331,induce,を引き起こす；を説得する,[ɪndjúːs]
1332,oblige,に義務づける；に恩恵を施す,[əbláɪdʒ]
1333,compel,に強いる,[kəmpél]
1334,provoke,を引き起こす；を刺激する,[prəvóUk]
1335,bathe,米 を風呂に入れる；を浸す,[beɪð]
1336,bleed,出血する,[bliːd]
1337,cruise,（を）巡航する；巡回する,[kruːz]
1338,soar,急上昇する；空高く飛ぶ,[sɔːr]
1339,symbolize,を象徴する；を記号で表す,[sÍmbəlàɪz]
1340,comprehend,を理解する,[kɑ̀(ː)mprɪhénd]
1341,protocol,議定書,[próUtəkɑ̀(ː)l]
1342,domain,分野,[doUméɪn]
1343,index,指標；索引,[Índeks]
1344,transaction,（商）取引；（人と人との）交流,[trænsǽkʃən]
1345,fragment,断片,[frǽɡmənt]
1346,fraction,わずか(≒ bit)；一部；分数,[frǽkʃən]
1347,bug,虫；病原体；盗聴器；欠陥,[bʌɡ]
1348,germ,細菌；胚はい,[dʒəːrm]
1349,diagnosis,診断；判断,[dàɪəɡnóUsɪs]
1350,obsession,（…の）妄想 (with)；強迫観念,[əbséʃən]
1351,nightmare,悪夢；不安感,[náɪtmèər]
1352,paradox,逆説；矛盾,[pǽrədɑ̀(ː)ks]
1353,irony,皮肉,[áɪərəni]
1354,sorrow,悲しみ,[sɔ́(ː)roU]
1355,maximum,最大限（⇔ mínimum 最小限）,[mǽksɪməm]
1356,excess,過剰，超過,[ɪksés]
1357,frontier,国境；(the ～) 米 辺境地；最先端,[frʌntÍər]
1358,refuge,避難（所）；保護,[réfjuːdʒ]
1359,timber,英 木材(≒ 米 lúmber)；樹木,[tÍmbər]
1360,slavery,奴隷制度；苦役,[sléɪvəri]
1361,hierarchy,（社会の）階層制；支配層,[háɪərɑ̀ːrki]
1362,bureau,（官庁の）局；事務局,[bjÚəroU]
1363,supervisor,監督者；指導教員,[súːpərvàɪzər]
1364,spouse,配偶者,[spaUs]
1365,rebel,反逆者,[rébəl]
1366,pastime,気晴らし；娯楽,[pǽstàɪm]
1367,feast,祝宴；大ごちそう；楽しみ,[fiːst]
1368,basin,洗面器；水たまり；流域,[béɪsən]
1369,sewage,下水,[súːɪdʒ]
1370,scenery,（集合的に）景色；背景,[síːnəri]
1371,tomb,墓,[tuːm]
1372,landmark,目印；画期的な出来事,[lǽndmɑ̀ːrk]
1373,monument,記念碑；遺跡；金字塔,[mɑ́(ː)njumənt]
1374,flesh,（人・動物の）肉；果肉,[fleʃ]
1375,garment,衣服,[ɡɑ́ːrmənt]
1376,glimpse,ちらりと見えること,[ɡlɪmps]
1377,glow,輝き；白熱；幸福感,[ɡloU]
1378,grace,優美；分別；恩おん寵ちょう,[ɡreɪs]
1379,sincere,誠実な；心からの,[sɪnsÍər]
1380,bold,大胆な；厚かましい,[boUld]
1381,tame,飼いならされた,[teɪm]
1382,vulnerable,もろい,[vʌ́lnərəbl]
1383,naked,裸の,[néɪkɪd]
1384,immune,（…に）免疫を持つ (to)；免れた,[ɪmjúːn]
1385,chronic,慢性の（⇔ acúte 急性の）；長引く,[krɑ́(ː)nɪk]
1386,gradual,徐々の,[ɡrǽdʒuəl]
1387,scarce,乏しい；珍しい,[skeərs]
1388,toxic,有毒な；中毒性の,[tɑ́(ː)ksɪk]
1389,accidental,偶然の,[æ̀ksɪdéntəl]
1390,irrelevant,（…にとって）無関係の (to)；見当違いの,[ɪréləvənt]
1391,trivial,ささいな,[trÍviəl]
1392,indispensable,不可欠な（⇔ dispénsable なくてもすむ）,[Ìndɪspénsəbl]
1393,indigenous,原産の，先住の,[ɪndÍdʒənəs]
1394,prehistoric,有史以前の；旧式な,[prìːhɪstɔ́(ː)rɪk]
1395,holy,神聖な；信仰心の厚い,[hóUli]
1396,retail,小売の（⇔ whólesàle 卸売りの）,[ríːteɪl]
1397,metropolitan,大都市の，首都圏の,[mètrəpɑ́(ː)lətən]
1398,straightforward,単純な；率直な,[strèɪtfɔ́ːrwərd]
1399,vivid,鮮やかな；生き生きとした,[vÍvɪd]
1400,outstanding,際立った；未払いの,[àUtstǽndɪŋ]
1401,enrich,を豊かにする,[ɪnrÍtʃ]
1402,undertake,を引き受ける；を保証する；に着手する,[ʌ̀ndərtéɪk]
1403,accommodate,を収容する；を（…に）適応させる (to),[əkɑ́(ː)mədèɪt]
1404,assemble,を集める；を組み立てる；集まる,[əsémbl]
1405,embody,を具現する；を統合する,[ɪmbɑ́(ː)di]
1406,weave,を織る；を作り上げる,[wiːv]
1407,retrieve,を回収する；（データ）を呼び出す,[rɪtríːv]
1408,clap,（手）をたたく；（に）拍手する,[klæp]
1409,scratch,を引っかく；を中止する,[skrætʃ]
1410,erase,を消す,[ɪréɪs]
1411,sew,を縫う；縫い物をする,[soU]
1412,cling,しがみつく；くっつく,[klɪŋ]
1413,resign,（を）辞任する；を放棄する,[rɪzáɪn]
1414,startle,をびっくりさせる(≒ surpríse),[stɑ́ːrtl]
1415,evoke,を呼び起こす,[ɪvóUk]
1416,clarify,を明確にする,[klǽrəfàɪ]
1417,confess,（を）告白する,[kənfés]
1418,pray,（を）祈る,[preɪ]
1419,tolerate,を許容する，我慢する(≒ put up with),[tɑ́(ː)lərèɪt]
1420,envy,をうらやむ,[énvi]
1421,revenge,（revenge oneself または受身形で）復ふく讐しゅうする,[rɪvéndʒ]
1422,depart,出発する；（…から）それる (from),[dɪpɑ́ːrt]
1423,overtake,を追い抜く；に追いつく (≒ catch up with)；を襲う,[òUvərtéɪk]
1424,invade,を侵略する；を侵害する；に殺到する,[ɪnvéɪd]
1425,penetrate,の内部に入る；（を）貫く；（に）進出する,[pénətrèɪt]
1426,enclose,を同封する；を取り囲む,[ɪnklóUz]
1427,leak,漏れる；を漏らす,[liːk]
1428,flush,を紅潮させる；を水で流す；紅潮する,[flʌʃ]
1429,sparkle,輝く；際立つ,[spɑ́ːrkl]
1430,erupt,（火山が）噴火する；勃ぼっ発ぱつする,[ɪrʌ́pt]
1431,dye,を染める；染まる,[daɪ]
1432,halt,を止める；止まる,[hɔːlt]
1433,suspend,を停職［停学］処分にする；を中断する,[səspénd]
1434,surpass,を上回る,[sərpǽs]
1435,steer,（を）操縦する；を（…へ）向ける (to),[stɪər]
1436,navigate,航行する；進路を示す,[nǽvɪɡèɪt]
1437,contradict,と矛盾する；に反対意見を言う,[kɑ̀(ː)ntrədÍkt]
1438,contend,と主張する；競う,[kənténd]
1439,dissolve,を溶かす；を分解する；溶ける,[dɪzɑ́(ː)lv]
1440,strive,努力する；争う,[straɪv]
1441,legacy,遺産,[léɡəsi]
1442,rumor,うわさ,[rúːmər]
1443,verse,韻文（⇔ prose 散文）；詩,[vəːrs]
1444,manuscript,原稿；写本,[mǽnjuskrÌpt]
1445,script,台本；筆跡,[skrɪpt]
1446,prose,散文（⇔ verse 韻文）；退屈な話,[proUz]
1447,headline,（新聞などの）見出し,[hédlàɪn]
1448,diameter,直径,[daɪǽmətər]
1449,vacuum,真空；空虚,[vǽkjuəm]
1450,flame,炎；情熱,[fleɪm]
1451,moisture,水分；湿気,[mɔ́ɪstʃər]
1452,erosion,浸食；衰退,[ɪróUʒən]
1453,peninsula,半島,[pənÍnsələ]
1454,suicide,自殺；自殺的行為,[súːɪsàɪd]
1455,sin,（宗教・道徳上の）罪；愚かなこと,[sɪn]
1456,taboo,禁忌，タブー,[təbúː]
1457,rage,激怒；猛威,[reɪdʒ]
1458,greed,強欲,[ɡriːd]
1459,boredom,退屈,[bɔ́ːrdəm]
1460,misery,悲惨；苦難,[mÍzəri]
1461,plague,疫病；（害虫などの）異常発生,[pleɪɡ]
1462,orphan,孤児,[ɔ́ːrfən]
1463,liver,肝臓,[lÍvər]
1464,trail,跡；手がかり；小道,[treɪl]
1465,aisle,（座席間などの）通路,[aɪl]
1466,laundry,洗濯（物）；クリーニング店,[lɔ́ːndri]
1467,merchandise,商品,[mə́ːrtʃəndàɪz]
1468,bargain,買い得品；取引；契約,[bɑ́ːrɡɪn]
1469,revenue,(～s) 歳入（⇔ expénditures 歳出）；（～s）収益,[révənjùː]
1470,deficit,赤字，不足；欠陥,[défəsɪt]
1471,amateur,素人，アマチュア（⇔ proféssional プロ）,[ǽmətʃuər]
1472,undergraduate,学部学生,[ʌ̀ndərɡrǽdʒuət]
1473,ambassador,大使；使節,[æmbǽsədər]
1474,warrior,戦士,[wɔ́(ː)riər]
1475,warfare,戦争（行為）；闘争,[wɔ́ːrfèər]
1476,botany,植物学；（一地方の）植物,[bɑ́(ː)təni]
1477,anthropology,人類学,[æ̀nθrəpɑ́(ː)lədʒi]
1478,ideology,イデオロギー，思想傾向,[àɪdiɑ́(ː)lədʒi]
1479,voluntary,自発的な（⇔ compúlsory 強制的な）；無償の,[vɑ́(ː)ləntèri]
1480,spontaneous,自然発生的な；無意識的な,[spɑ(ː)ntéɪniəs]
1481,deliberate,故意の；慎重な,[dɪlÍbərət]
1482,conspicuous,目立つ,[kənspÍkjUəs]
1483,transparent,透明な；明快な,[trænspǽrənt]
1484,superficial,表面的な,[sùːpərfÍʃəl]
1485,hollow,空洞の；空虚な,[hɑ́(ː)loU]
1486,peculiar,特有の；特異な,[pɪkjúːljər]
1487,partial,部分的な；不公平な；特に好きな,[pɑ́ːrʃəl]
1488,neat,きちんとした；見事な,[niːt]
1489,dim,薄暗い；ぼんやりした,[dɪm]
1490,alternate,代わりの(≒ altérnative)；交互の,[ɔ́ːltərnət]
1491,commonplace,（日常的に）当たり前の,[kɑ́(ː)mənplèɪs]
1492,jealous,嫉しっ妬と深い；用心深い,[dʒéləs]
1493,hostile,敵意のある；敵の,[hɑ́(ː)stəl]
1494,ripe,熟した；成熟した,[raɪp]
1495,pregnant,妊娠した；（…で）満ちている (with),[préɡnənt]
1496,fertile,肥ひ沃よくな（⇔ infértile,[fə́ːrtəl]
1497,fierce,猛烈な；どう猛な,[fɪərs]
1498,drastic,徹底的な,[drǽstɪk]
1499,immense,膨大な,[ɪméns]
1500,supreme,最高の,[supríːm]
1501,excel,（…で）秀でている (in / at)；に勝る,[ɪksél]
1502,swell,膨張する，腫はれる；を膨らませる,[swel]
1503,bounce,跳ねる；反射する；を弾ませる,[baUns]
1504,roam,（を）歩き回る,[roUm]
1505,stray,はぐれる；迷う,[streɪ]
1506,emigrate,（他国へ）移住する,[émɪɡrèɪt]
1507,mutter,（を）つぶやく；ぶつぶつ（不平を）言う,[mʌ́tər]
1508,murmur,（を）ささやく；ざわめく,[mə́ːrmər]
1509,chuckle,くすくす笑う,[tʃʌ́kl]
1510,choke,をむせさせる；を詰まらせる；むせる,[tʃoUk]
1511,frown,（…に）眉まゆをひそめる (upon / at),[fraUn]
1512,roar,うなる，ほえる,[rɔːr]
1513,shiver,震える,[ʃÍvər]
1514,tremble,震える；揺れ動く,[trémbl]
1515,shave,（顔・ひげなど）をそる；を削減する,[ʃeɪv]
1516,misunderstand,（を）誤解する,[mÌsʌ̀ndərstǽnd]
1517,soothe,をなだめる；を和らげる,[suːð]
1518,lure,を誘惑する,[ljUər]
1519,mock,をばかにする (≒ make fun of)；をからかう,[mɑ(ː)k]
1520,tease,（を）からかう；をいじめる,[tiːz]
1521,despise,を軽けい蔑べつする(≒ look down on),[dɪspáɪz]
1522,disregard,を無視する；を軽視する,[dÌsrɪɡɑ́ːrd]
1523,betray,をうっかり表す；を裏切る,[bɪtréɪ]
1524,aspire,（…を）熱望する (to),[əspáɪər]
1525,seize,をつかむ；を奪い取る；を没収する,[siːz]
1526,fetch,を持って来る，連れて来る,[fetʃ]
1527,rub,（を）こする；を塗る,[rʌb]
1528,flap,ぱたぱたと動く；羽ばたく,[flæp]
1529,plunge,（を）突っ込む；没頭する；陥る,[plʌndʒ]
1530,insert,を挿入する,[ɪnsə́ːrt]
1531,dispose,（dispose of で）を処分する,[dɪspóUz]
1532,withstand,に耐える,[wɪðstǽnd]
1533,hinder,を妨げる,[hÍndər]
1534,resume,（を）再開する；を取り戻す,[rɪzjúːm]
1535,unify,を統合する,[júːnɪfàɪ]
1536,staple,必需食品；主要産物,[stéɪpl]
1537,soybean,大豆,[sɔ́ɪbÌːn]
1538,bud,芽；つぼみ,[bʌd]
1539,vegetation,植物；植生,[vèdʒətéɪʃən]
1540,limb,手足,[lɪm]
1541,wrinkle,しわ；折り目,[rÍŋkl]
1542,sentiment,感情；感傷,[séntəmənt]
1543,grief,深い悲しみ,[ɡriːf]
1544,curse,呪のろい；悪態,[kəːrs]
1545,torture,拷問；苦痛（の種）,[tɔ́ːrtʃər]
1546,mercy,慈悲；幸運,[mə́ːrsi]
1547,coward,臆病者,[káUərd]
1548,predecessor,前任者（⇔ succéssor 後継者）；前のもの,[prédəsèsər]
1549,psychiatrist,精神科医,[saɪkáɪətrɪst]
1550,thesis,論文；命題，テーゼ,[θíːsɪs]
1551,mutation,突然変異,[mjutéɪʃən]
1552,diabetes,糖尿病,[dàɪəbíːtəs]
1553,bullet,銃弾,[bÚlɪt]
1554,cluster,集団；（植物の）房，束,[klʌ́stər]
1555,shield,盾，防御物,[ʃiːld]
1556,gear,器具；歯車；ギア,[ɡɪər]
1557,vessel,船舶；容器；脈管,[vésəl]
1558,tactics,戦術；策略,[tǽktɪks]
1559,breakdown,崩壊；（神経）衰弱；故障,[bréɪkdàUn]
1560,reunion,再会（の集い）；再結合,[riːjúːnjən]
1561,knot,結び目,[nɑ(ː)t]
1562,probe,宇宙探査用ロケット；精査,[proUb]
1563,radiation,放射能，放射線,[rèɪdiéɪʃən]
1564,tablet,錠剤；平板,[tǽblət]
1565,vapor,蒸気；気体,[véɪpər]
1566,thermometer,温度計，体温計,[θərmɑ́(ː)mətər]
1567,signature,署名；特徴,[sÍɡnətʃər]
1568,triangle,三角形,[tráɪæ̀ŋɡl]
1569,geometry,幾何学,[dʒiɑ́(ː)mətri]
1570,feat,偉業；妙技,[fiːt]
1571,applause,拍手（喝かっ采さい）,[əplɔ́ːz]
1572,glory,栄光；壮観,[ɡlɔ́ːri]
1573,diligent,勤勉な；入念な,[dÍlɪdʒənt]
1574,earnest,まじめな，熱心な,[ə́ːrnɪst]
1575,loyal,（…に）忠実な (to),[lɔ́ɪəl]
1576,stubborn,頑固な(≒ óbstinate)；不屈の,[stʌ́bərn]
1577,rigid,厳しい；硬直した,[rÍdʒɪd]
1578,stiff,硬直した；堅い,[stɪf]
1579,timid,臆おく病びょうな,[tÍmɪd]
1580,idle,（何もせずに）ぶらぶらしている,[áɪdəl]
1581,dumb,ばかげた；口のきけない；無言の,[dʌm]
1582,obese,肥満した,[oUbíːs]
1583,disabled,障がいのある；障がい者用の,[dɪséɪbld]
1584,clumsy,不器用な；扱いにくい,[klʌ́mzi]
1585,punctual,時間を守る,[pʌ́ŋktʃuəl]
1586,absurd,ばかげた；不合理な,[əbsə́ːrd]
1587,uneasy,不安な；落ち着かない；ぎこちない,[ʌníːzi]
1588,nasty,不快な；意地悪な,[nǽsti]
1589,naughty,いたずらな,[nɔ́ːti]
1590,tidy,きちんとした；相当の,[táɪdi]
1591,decisive,決定的な；断固とした,[dɪsáɪsɪv]
1592,upright,真っすぐな；正直な,[ʌ́pràɪt]
1593,vertical,垂直の（⇔ hòrizóntal 水平な）；縦方向の,[və́ːrtɪkəl]
1594,gloomy,陰気な；薄暗い；悲観的な,[ɡlúːmi]
1595,obscure,人目につかない；不ふ明めい瞭りょうな,[əbskjÚər]
1596,antique,骨こっ董とうの；古風な,[æntíːk]
1597,sole,唯一の；単独の；独占的な,[soUl]
1598,sheer,純然たる，真の；すごい,[ʃɪər]
1599,marvelous,すばらしい；驚くべき,[mɑ́ːrvələs]
1600,splendid,すばらしい；立派な,[spléndɪd]
1601,cherish,を心に抱く；を大切にする,[tʃérɪʃ]
1602,nourish,に栄養を与える；をはぐくむ,[nə́ːrɪʃ]
1603,hatch,を孵ふ化かさせる；孵化する；をたくらむ,[hætʃ]
1604,enlarge,を拡大する,[ɪnlɑ́ːrdʒ]
1605,furnish,に（…を）備え付ける (with),[fə́ːrnɪʃ]
1606,indulge,（…に）ふける (in)；を甘やかす,[ɪndʌ́ldʒ]
1607,surrender,（…に）屈する (to)；を放棄する；を明け渡す,[səréndər]
1608,kneel,ひざまずく,[niːl]
1609,stumble,（…に）つまずく (on / over),[stʌ́mbl]
1610,wither,しおれる；衰える；を弱らせる,[wÍðər]
1611,creep,忍び込む；のろのろ進む；はう,[kriːp]
1612,ache,痛む；（…を）切望する (for),[eɪk]
1613,await,を待つ(≒ wait for),[əwéɪt]
1614,foresee,を予知する,[fɔːrsíː]
1615,illuminate,を照らす；を解明する,[ɪlúːmɪnèɪt]
1616,dread,をひどく恐れる,[dred]
1617,depict,を描く,[dɪpÍkt]
1618,signify,を意味する；重要である,[sÍɡnɪfàɪ]
1619,swear,（を）誓う；ののしる,[sweər]
1620,dictate,を指図する；を書き取らせる；を決定づける,[dÍkteɪt]
1621,recite,を暗唱する；を詳述する,[rɪsáɪt]
1622,enroll,登録する，入会する；を登録させる,[ɪnróUl]
1623,execute,を実行する；を処刑する,[éksɪkjùːt]
1624,fake,を偽造する；のふりをする,[feɪk]
1625,disguise,を変装させる；を偽る,[dɪsɡáɪz]
1626,stain,を汚す；に着色する,[steɪn]
1627,bind,を縛る,[baɪnd]
1628,slap,を（平手で）たたく,[slæp]
1629,omit,を省く；を怠る,[oUmÍt]
1630,grind,（穀物など）をひく,[ɡraɪnd]
1631,undermine,を徐々にむしばむ,[ʌ̀ndərmáɪn]
1632,bankrupt,を破産させる,[bǽŋkrʌpt]
1633,extinguish,（火・光など）を消す；を全滅させる,[ɪkstÍŋɡwɪʃ]
1634,mend,を修繕する；を改善する,[mend]
1635,congratulate,（人）を（…のことで）祝う (on),[kənɡrǽdʒəlèɪt]
1636,certificate,証明書；免許状,[sərtÍfɪkət]
1637,encyclopedia,百科事典,[ɪnsàɪkləpíːdiə]
1638,biography,伝記,[baɪɑ́(ː)ɡrəfi]
1639,masterpiece,傑作,[mǽstərpìːs]
1640,rhyme,詩しい歌か；韻,[raɪm]
1641,means,手段；資力,[miːnz]
1642,mold,鋳型；性質,[moUld]
1643,scope,範囲；余地,[skoUp]
1644,bulk,(the ～)（…の）大半 (of)；かさ；大量,[bʌlk]
1645,trifle,些さ細さいなこと；少量 (≒ a little),[tráɪfl]
1646,pill,錠剤,[pɪl]
1647,dose,（薬の）服用量；放射線量,[doUs]
1648,vein,血管；静脈（⇔ ártery 動脈）；特質,[veɪn]
1649,odor,におい；気配,[óUdər]
1650,pilgrim,巡礼者,[pÍlɡrɪm]
1651,deed,行い,[diːd]
1652,carriage,英 車両；立ち居振舞い；輸送；馬車,[kǽrɪdʒ]
1653,mischief,いたずら,[mÍstʃɪf]
1654,slaughter,虐殺；畜殺,[slɔ́ːtər]
1655,haste,急ぐこと,[heɪst]
1656,thirst,（のどの）渇き；渇望,[θəːrst]
1657,monarchy,君主制；君主国,[mɑ́(ː)nərki]
1658,reign,治世；統治,[reɪn]
1659,heir,相続人；（…の）後継者 (to),[eər]
1660,pardon,許し,[pɑ́ːrdən]
1661,legislation,法律；立法,[lèdʒɪsléɪʃən]
1662,cabinet,(the C-) 内閣；戸棚,[kǽbɪnət]
1663,ward,病棟；行政区,[wɔːrd]
1664,surplus,余剰；黒字,[sə́ːrplʌs]
1665,arithmetic,計算；算数,[ərÍθmətɪk]
1666,mercury,水銀 (≒ quícksìlver)；(M-) 水星,[mə́ːrkjuəri]
1667,monopoly,独占（権）,[mənɑ́(ː)pəli]
1668,friction,不和；摩擦,[frÍkʃən]
1669,collision,衝突,[kəlÍʒən]
1670,fusion,融合；連立,[fjúːʒən]
1671,breakthrough,大発見，飛躍的進歩,[bréɪkθrùː]
1672,spectacle,壮観；見世物；英(～s)眼鏡,[spéktəkl]
1673,eminent,高名な；傑出した,[émɪnənt]
1674,notable,注目に値する；著名な,[nóUtəbl]
1675,notorious,悪名高い(≒ ínfamous),[noUtɔ́ːriəs]
1676,compulsory,義務的な,[kəmpʌ́lsəri]
1677,liable,～しがちな；受けやすい；責任がある,[láɪəbl]
1678,inclined,～する傾向がある；傾いた,[ɪnkláɪnd]
1679,static,静的な（⇔ dynámic 動的な）；停滞した,[stǽtɪk]
1680,infinite,無限の（⇔ fínite 有限の）；無数の,[Ínfɪnət]
1681,eternal,永遠の；不変の,[ɪtə́ːrnəl]
1682,acute,激しい；鋭い；急性の（⇔ chrónic 慢性の）,[əkjúːt]
1683,abrupt,突然の,[əbrʌ́pt]
1684,swift,素早い,[swɪft]
1685,faint,かすかな,[feɪnt]
1686,tender,優しい；柔らかい；微妙な,[téndər]
1687,humid,湿気のある,[hjúːmɪd]
1688,damp,湿った,[dæmp]
1689,rotten,腐った；不快な；堕落した,[rɑ́(ː)tən]
1690,sour,酸っぱい；不機嫌な；不愉快な,[sáUər]
1691,sore,痛い；腹が立って,[sɔːr]
1692,savage,どう猛な；容赦のない,[sǽvɪdʒ]
1693,crude,天然の，未精製の；粗野な,[kruːd]
1694,approximate,おおよその,[əprɑ́(ː)ksɪmət]
1695,intermediate,中級の；中間の,[Ìntərmíːdiət]
1696,vocational,職業の,[voUkéɪʃənəl]
1697,masculine,男らしい,[mǽskjUlən]
1698,feminine,女らしい,[fémənɪn]
1699,superfluous,余分な；不必要な,[supə́ːrfluəs]
1700,utmost,最大限の,[ʌ́tmòUst]
1701,contemplate,（を）熟考する；を予想する,[kɑ́(ː)ntəmplèɪt]
1702,ponder,（を）熟考する,[pɑ́(ː)ndər]
1703,meditate,瞑めい想そうする；をもくろむ,[médɪtèɪt]
1704,conceive,（を）思いつく,[kənsíːv]
1705,speculate,（を）推測する；投機する,[spékjulèɪt]
1706,presume,と推定する；を前提とする,[prɪzjúːm]
1707,proclaim,を宣言する；を証明する,[prəkléɪm]
1708,disclose,を公表する,[dɪsklóUz]
1709,pledge,を誓う；を担保にする,[pledʒ]
1710,exclaim,（と）叫ぶ,[ɪkskléɪm]
1711,subscribe,（…を）予約購読する (to),[səbskráɪb]
1712,mourn,（を）悼む；（を）嘆く,[mɔːrn]
1713,resent,に憤慨する,[rɪzént]
1714,lament,（を）嘆き悲しむ；を後悔する,[ləmént]
1715,pant,あえぐ；（…を）渇望する (for),[pænt]
1716,suck,（を）吸う,[sʌk]
1717,soak,を浸す；浸る,[soUk]
1718,render,を（ある状態に）する；を与える,[réndər]
1719,rotate,回転する；循環する；を回転させる,[róUteɪt]
1720,pierce,を貫く，（穴）を開ける；を洞察する,[pɪərs]
1721,carve,を彫る；を切り開く,[kɑːrv]
1722,divert,（注意など）をそらす；を迂う回かいさせる,[dəvə́ːrt]
1723,expel,を追放する；を吐き出す,[ɪkspél]
1724,assault,を暴行する；を攻撃する,[əsɔ́(ː)lt]
1725,intrude,侵害［侵入］する,[ɪntrúːd]
1726,addict,（受身形で）（…に）凝る，（…の）中毒になる (to),[ədÍkt]
1727,coincide,同時に起こる；一致する,[kòUɪnsáɪd]
1728,ascend,（を）上がる（⇔ descénd 下りる）,[əsénd]
1729,surge,殺到する；急騰する,[səːrdʒ]
1730,evaporate,蒸発する；消散する；を蒸発させる,[ɪvǽpərèɪt]
1731,expire,期限が切れる,[ɪkspáɪər]
1732,ferment,を発酵させる；発酵する,[fərmént]
1733,merge,（を）合併する；融合する；を融合させる,[məːrdʒ]
1734,erect,を建てる；を直立させる,[ɪrékt]
1735,bless,に恩恵を与える；に感謝する,[bles]
1736,prestige,名声；（形容詞的に）名声のある,[prestíːʒ]
1737,aristocracy,(the ～) 貴族（社会）；(the ～)支配階級,[æ̀rɪstɑ́(ː)krəsi]
1738,statesman,政治家(≒ státespèrson),[stéɪtsmən]
1739,senator,米（しばしば S-）上院議員,[sénətər]
1740,creed,（宗教上の）信条,[kriːd]
1741,vigor,活力；迫力,[vÍɡər]
1742,dismay,落胆；狼ろう狽ばい,[dɪsméɪ]
1743,melancholy,憂うつ,[mélənkɑ̀(ː)li]
1744,agony,苦痛；苦悩,[ǽɡəni]
1745,anguish,苦悩,[ǽŋɡwɪʃ]
1746,conscience,良心,[kɑ́(ː)nʃəns]
1747,contempt,軽けい蔑べつ；恥辱,[kəntémpt]
1748,scorn,軽けい蔑べつ；軽蔑の対象,[skɔːrn]
1749,apathy,無感動,[ǽpəθi]
1750,textile,織物；繊維（産業）,[tékstaɪl]
1751,symmetry,（左右）対称（⇔ àsýmmetry 非対称）；調和,[sÍmətri]
1752,verge,(the ～) 瀬戸際；端,[vəːrdʒ]
1753,cavity,虫歯（の穴）；空洞,[kǽvəti]
1754,bribe,賄わい賂ろ,[braɪb]
1755,riot,暴動,[ráɪət]
1756,exile,亡命（者）；（国外）追放,[éksaɪl]
1757,archaeology,考古学,[ɑ̀ːrkiɑ́(ː)lədʒi]
1758,specimen,標本；実例,[spésəmɪn]
1759,ornament,装飾（品）,[ɔ́ːrnəmənt]
1760,apparatus,器具一式；機構,[æ̀pərǽtəs]
1761,flaw,欠点；傷,[flɔː]
1762,eclipse,日食，月食；（名声などの）失墜,[ɪklÍps]
1763,astronomy,天文学,[əstrɑ́(ː)nəmi]
1764,aviation,航空（学）,[èɪviéɪʃən]
1765,velocity,速度,[vəlɑ́(ː)səti]
1766,congestion,混雑,[kəndʒéstʃən]
1767,questionnaire,アンケート,[kwèstʃənéər]
1768,parasite,寄生虫,[pǽrəsàɪt]
1769,personnel,職員，人員,[pə̀ːrsənél]
1770,advent,(the ～) 出現，到来,[ǽdvènt]
1771,token,しるし；代用硬貨；商品券,[tóUkən]
1772,premium,保険料；プレミア,[príːmiəm]
1773,discreet,思慮分別のある,[dɪskríːt]
1774,wary,（…に）用心深い (of),[wéəri]
1775,grim,（状況などが）暗い；（表情が）険しい,[ɡrɪm]
1776,solemn,厳粛な；真剣な,[sɑ́(ː)ləm]
1777,skeptical,（…に）懐疑的な (of / about),[sképtɪkəl]
1778,dubious,疑わしい；疑って,[djúːbiəs]
1779,vain,無駄な；うぬぼれた,[veɪn]
1780,reckless,無謀な；（…を）顧みない (of),[rékləs]
1781,ruthless,無慈悲な；断固とした；無茶な,[rúːθləs]
1782,eloquent,雄弁な；説得力のある,[éləkwənt]
1783,furious,激怒した；猛烈な,[fjÚəriəs]
1784,weary,疲れ果てた；（…に）うんざりした (of),[wÍəri]
1785,pessimistic,悲観的な（⇔ òptimístic 楽観的な）,[pèsəmÍstɪk]
1786,cynical,冷笑的な,[sÍnɪkəl]
1787,wicked,邪悪な；いたずらな,[wÍkɪd]
1788,singular,驚くべき；奇妙な；単数の（⇔ plúral 複数の）,[sÍŋɡjUlər]
1789,weird,異様な(≒ bizárre),[wɪərd]
1790,literal,文字どおりの；散文的な,[lÍtərəl]
1791,explicit,明白な(⇔ implícit)；率直な,[ɪksplÍsɪt]
1792,implicit,暗黙の(⇔ explícit)；内在する,[ɪmplÍsɪt]
1793,slender,ほっそりした；わずかな,[sléndər]
1794,gross,総計の；甚だしい；粗野な,[ɡroUs]
1795,ultraviolet,紫外線の,[ʌ̀ltrəváɪələt]
1796,spatial,空間の,[spéɪʃəl]
1797,vacant,空いている,[véɪkənt]
1798,spacious,広々とした；雄大な,[spéɪʃəs]
1799,ample,十分すぎるほどの；広い,[ǽmpl]
1800,affluent,裕福な；豊富な,[ǽfluənt]
1801,infer,を推論する,[ɪnfə́ːr]
1802,discern,を理解する；を識別する,[dɪsə́ːrn]
1803,allege,を主張する,[əlédʒ]
1804,ascribe,の原因を（…に）帰する (to)；を（…の）作と認める (to),[əskráɪb]
1805,prescribe,（薬など）を処方する；を規定する,[prɪskráɪb]
1806,comply,（…に）従う (with)；応じる,[kəmpláɪ]
1807,abide,（abide by で）に従う；を我慢する；住む,[əbáɪd]
1808,plead,（…に）嘆願する (with)；（を）弁護する；申し立てる,[pliːd]
1809,preach,（を）説教する,[priːtʃ]
1810,intrigue,に興味を持たせる；陰謀を企てる,[ɪntríːɡ]
1811,reconcile,を（…と）一致させる (with)；を和解させる,[rékənsàɪl]
1812,intervene,（…に）介入する (in)；介在する,[Ìntərvíːn]
1813,restrain,を制止する；を規制する,[rɪstréɪn]
1814,humiliate,の自尊心を傷つける,[hjumÍlièɪt]
1815,reproach,を非難する,[rɪpróUtʃ]
1816,condemn,を非難する；（受身形で）有罪を宣告される,[kəndém]
1817,defy,に反抗する；を拒む,[dɪfáɪ]
1818,revolt,（…に）反逆する (against)；むかつく,[rɪvóUlt]
1819,impair,を損なう,[ɪmpéər]
1820,inflict,（害など）を負わせる,[ɪnflÍkt]
1821,degrade,の価値を下げる；を降格する,[dɪɡréɪd]
1822,deteriorate,悪化する；を悪化させる,[dɪtÍəriərèɪt]
1823,corrupt,を堕落させる；を買収する；堕落する,[kərʌ́pt]
1824,contaminate,を汚染する；を堕落させる,[kəntǽmɪnèɪt]
1825,oppress,を抑圧する；を悩ませる,[əprés]
1826,thrust,を押しつける；押す,[θrʌst]
1827,embark,（…に）乗り出す (on)；乗船［搭乗］する,[ɪmbɑ́ːrk]
1828,inspect,を点検する；を視察する,[ɪnspékt]
1829,summon,を呼びつける,[sʌ́mən]
1830,testify,（を）証言する,[téstɪfàɪ]
1831,persecute,を迫害する；を苦しめる,[pə́ːrsɪkjùːt]
1832,coerce,に強要する,[koUə́ːrs]
1833,unleash,（抑えていたもの）を爆発させる,[ʌ̀nlíːʃ]
1834,emancipate,を解放する,[ɪmǽnsɪpèɪt]
1835,endow,に授ける；に寄贈する,[ɪndáU]
1836,scrutiny,精査；監視,[skrúːtəni]
1837,analogy,類推；類似,[ənǽlədʒi]
1838,preoccupation,没頭；先入観,[priɑ̀(ː)kjupéɪʃən]
1839,retrospect,回想,[rétrəspèkt]
1840,conceit,うぬぼれ,[kənsíːt]
1841,fallacy,誤った考え；虚偽,[fǽləsi]
1842,hypocrisy,偽善,[hɪpɑ́(ː)krəsi]
1843,nuisance,厄介（なこと［人］）,[njúːsəns]
1844,delinquency,（青少年の）非行，犯罪,[dɪlÍŋkwənsi]
1845,hostage,人質,[hɑ́(ː)stɪdʒ]
1846,lawsuit,（民事）訴訟,[lɔ́ːsjùːt]
1847,attorney,米 弁護士；代理人,[ətə́ːrni]
1848,warrant,令状；十分な根拠；証明書,[wɔ́(ː)rənt]
1849,testimony,証言；証拠,[téstəmòUni]
1850,verdict,（陪審の）評決；評価,[və́ːrdɪkt]
1851,sanction,（通例 ～s）制裁；認可,[sǽŋkʃən]
1852,superstition,迷信,[sùːpərstÍʃən]
1853,folklore,民話；民俗学,[fóUklɔ̀ːr]
1854,anecdote,逸話,[ǽnɪkdòUt]
1855,rhetoric,修辞（法）；美辞麗句,[rétərɪk]
1856,stall,露店；失速,[stɔːl]
1857,segment,部分,[séɡmənt]
1858,synthesis,合成；総合（⇔ análysis 分析）,[sÍnθəsɪs]
1859,cohesion,結束；結合,[koUhíːʒən]
1860,heredity,遺伝；世襲,[hərédəti]
1861,catastrophe,大災害；破局,[kətǽstrəfi]
1862,plight,窮状,[plaɪt]
1863,solitude,ひとりでいること；孤独,[sɑ́(ː)lətjùːd]
1864,ordeal,厳しい試練,[ɔːrdíːl]
1865,tyranny,暴政；専制国家,[tÍrəni]
1866,censorship,検閲,[sénsərʃÌp]
1867,hygiene,衛生（状態）；健康法,[háɪdʒiːn]
1868,doctrine,米（政策上の）主義；教義,[dɑ́(ː)ktrɪn]
1869,diplomacy,外交（的手腕）,[dɪplóUməsi]
1870,entity,実体,[éntəti]
1871,sovereign,君主；英 ソブリン金貨,[sɑ́(ː)vrən]
1872,authentic,本物の；信頼できる,[ɔːθéntɪk]
1873,legitimate,合法的な；妥当な,[lɪdʒÍtəmət]
1874,intelligible,理解できる,[ɪntélɪdʒəbl]
1875,inherent,生来の,[ɪnhÍərənt]
1876,ingenious,独創的な；利発な,[ɪndʒíːniəs]
1877,intricate,複雑な,[Íntrɪkət]
1878,homogeneous,均質の（⇔ hèterogéneous 異質の）,[hòUmədʒíːniəs]
1879,monotonous,単調な,[mənɑ́(ː)tənəs]
1880,incessant,絶え間のない,[ɪnsésənt]
1881,perpetual,ひっきりなしの；永続的な,[pərpétʃuəl]
1882,imminent,差し迫った,[Ímɪnənt]
1883,plausible,もっともらしい,[plɔ́ːzəbl]
1884,arbitrary,恣し意い的な,[ɑ́ːrbətrèri]
1885,preliminary,予備の，準備の,[prɪlÍmənèri]
1886,deficient,（…が）欠けている (in)(≒ lácking),[dɪfÍʃənt]
1887,subordinate,（…より）下位の (to)；副次的な,[səbɔ́ːrdɪnət]
1888,feudal,封建時代［制度］の；封建的な,[fjúːdəl]
1889,obsolete,廃れた,[ɑ̀(ː)bsəlíːt]
1890,mortal,致命的な；死すべき（⇔ immórtal 不死の）,[mɔ́ːrtəl]
1891,monetary,金銭的な；金融の,[mɑ́(ː)nətèri]
1892,extravagant,浪費する；法外な,[ɪkstrǽvəɡənt]
1893,dizzy,めまいがする；当惑した,[dÍzi]
1894,juvenile,青少年の,[dʒúːvənàɪl]
1895,anonymous,匿名の,[ənɑ́(ː)nɪməs]
1896,compatible,互換性のある；矛盾しない；気が合う,[kəmpǽtəbl]
1897,ubiquitous,至る所にある,[jubÍkwətəs]
1898,divine,神の；神にささげる,[dɪváɪn]
1899,sober,しらふの；節度のある,[sóUbər]
1900,zealous,熱心な,[zéləs]